mode,window,author,ticker,published_at,field,classification,historical_tickers,historical_posts,return_20,return_60,return_120,excess_soxx_60,raw_url
frozen_quarter,2025-10-01,Serenity,AAPL,2025-10-01T00:49:43+00:00,,outside_confirmed_field,,,0.05473653968538672,0.07359631730935079,-0.01333121857743258,-0.06286522066417688,https://x.com/aleabitoreddit/status/1973188544186425368
frozen_quarter,2025-10-01,Serenity,SPY,2025-10-01T06:43:15+00:00,,outside_confirmed_field,,,0.0360239686114896,0.041030237607033726,-0.015063996398836377,-0.09543130036649394,https://x.com/aleabitoreddit/status/1973277513452494873
frozen_quarter,2025-10-01,Serenity,AVGO,2025-10-01T18:40:45+00:00,,outside_confirmed_field,,,0.11038240341674688,0.013003134897516144,-0.0828514398510195,-0.07417273915194,https://x.com/aleabitoreddit/status/1973458076994007226
frozen_quarter,2025-10-01,Serenity,KSPI,2025-10-02T19:10:25+00:00,,outside_confirmed_field,,,-0.08919662174689524,-0.01347307611919668,-0.07485029598166204,-0.09253296002837164,https://x.com/aleabitoreddit/status/1973827931681312801
frozen_quarter,2025-10-01,Tradex,JOBY,2025-10-03T04:13:27+00:00,,outside_confirmed_field,,,-0.07645093936387581,-0.2444196482027443,-0.5273437371111609,-0.32347953211191927,https://x.com/TradexWhisperer/status/1973964591228133424
frozen_quarter,2025-10-01,Serenity,DELL,2025-10-04T01:22:20+00:00,,outside_confirmed_field,,,0.11331768657387031,-0.12094561288331651,0.180662400455331,-0.16881675505607496,https://x.com/aleabitoreddit/status/1974283913905517009
frozen_quarter,2025-10-01,Serenity,META,2025-10-04T01:22:20+00:00,,outside_confirmed_field,,,-0.08060242864857059,-0.05564456401611484,-0.2544988316864195,-0.10351570618887329,https://x.com/aleabitoreddit/status/1974283913905517009
frozen_quarter,2025-10-01,Serenity,RDDT,2025-10-04T01:22:20+00:00,,outside_confirmed_field,,,0.00795944945583238,0.12571151555693505,-0.41225280007608045,0.0778403733841766,https://x.com/aleabitoreddit/status/1974283913905517009
frozen_quarter,2025-10-01,Serenity,AMD,2025-10-06T11:06:14+00:00,,outside_confirmed_field,,,0.13102229440845048,-0.04906160635935397,-0.1080149780733658,-0.09693274853211242,https://x.com/aleabitoreddit/status/1975155632811507945
frozen_quarter,2025-10-01,Austin,AMD,2025-10-07T11:16:52+00:00,semis,unknown,0,0,0.20851750765780253,-0.003211554209003875,-0.0875495102770445,-0.03816234988628531,https://x.com/austinsemis/status/1975520696525529308
frozen_quarter,2025-10-01,Serenity,DFLI,2025-10-08T15:51:03+00:00,,outside_confirmed_field,,,-0.16793898464700874,-0.683969485043548,-0.8679389336873139,-0.7766588221018684,https://x.com/aleabitoreddit/status/1975952087143039039
frozen_quarter,2025-10-01,Serenity,FLY,2025-10-08T15:51:03+00:00,,outside_confirmed_field,,,-0.3012422525810513,-0.19968944573990144,-0.07577641230573917,-0.2923787827982218,https://x.com/aleabitoreddit/status/1975952087143039039
frozen_quarter,2025-10-01,Serenity,FLNC,2025-10-08T21:12:57+00:00,,outside_confirmed_field,,,0.4289654698865166,0.5344827586206897,-0.10206893394733296,0.44179342156236934,https://x.com/aleabitoreddit/status/1976033094932234314
frozen_quarter,2025-10-01,Serenity,MU,2025-10-08T21:12:57+00:00,memory,unknown,0,0,0.23076125044103168,0.6176089128976738,0.9062548778387538,0.5249195758393534,https://x.com/aleabitoreddit/status/1976033094932234314
frozen_quarter,2025-10-01,Serenity,SEI,2025-10-08T21:12:57+00:00,,outside_confirmed_field,,,0.10568770985766718,0.09410554695659745,0.14725962712062857,0.0014162098982770654,https://x.com/aleabitoreddit/status/1976033094932234314
frozen_quarter,2025-10-01,Feroce,CLF,2025-10-09T18:51:42+00:00,,outside_confirmed_field,,,-0.2879322443005341,-0.06351443992127781,-0.4071983363935713,-0.19256332869823456,https://x.com/FeroceResearch/status/1976359936331501776
frozen_quarter,2025-10-01,Serenity,WWR,2025-10-10T03:06:48+00:00,,outside_confirmed_field,,,-0.4930875644389363,-0.5622120024523053,-0.709677431759551,-0.691260891229262,https://x.com/aleabitoreddit/status/1976484532326105414
frozen_quarter,2025-10-01,Serenity,DKNG,2025-10-10T18:04:04+00:00,,outside_confirmed_field,,,-0.0859891415313544,0.042092651729706,-0.3114852443121038,-0.10682175540984029,https://x.com/aleabitoreddit/status/1976710335433523330
frozen_quarter,2025-10-01,Serenity,RBRK,2025-10-13T15:51:02+00:00,,outside_confirmed_field,,,-0.06948012605719611,-0.12330277469180051,-0.35437310361716357,-0.27080721480765546,https://x.com/aleabitoreddit/status/1977764021815415233
frozen_quarter,2025-10-01,Serenity,GLXY,2025-10-13T19:01:51+00:00,,outside_confirmed_field,,,-0.1837206017553974,-0.34523044807241465,-0.5216330900821005,-0.4927348881882696,https://x.com/aleabitoreddit/status/1977812041969926614
frozen_quarter,2025-10-01,Serenity,BZAI,2025-10-15T07:42:21+00:00,,outside_confirmed_field,,,-0.4964788764910292,-0.6249999685186726,-0.6390845045296594,-0.7735763834681814,https://x.com/aleabitoreddit/status/1978365814941384882
frozen_quarter,2025-10-01,Serenity,GRAB,2025-10-15T07:42:21+00:00,,outside_confirmed_field,,,-0.029702942250534492,-0.19966997517692742,-0.40099007446921764,-0.3482463901264362,https://x.com/aleabitoreddit/status/1978365814941384882
frozen_quarter,2025-10-01,Serenity,NKLR,2025-10-15T07:42:21+00:00,,outside_confirmed_field,,,-0.6937355031181388,-0.6890951241305805,-0.769012636590056,-0.8376715390800893,https://x.com/aleabitoreddit/status/1978365814941384882
frozen_quarter,2025-10-01,Serenity,TE,2025-10-19T23:52:22+00:00,,outside_confirmed_field,,,-0.25991191116124557,0.7312775769950226,0.12555069965875676,0.5891970889657772,https://x.com/aleabitoreddit/status/1980059480894431249
frozen_quarter,2025-10-01,Serenity,NVO,2025-10-20T04:41:40+00:00,,outside_confirmed_field,,,-0.12903810766230928,0.06316549376715908,-0.3145641644680466,-0.07891499426208637,https://x.com/aleabitoreddit/status/1980132285346410776
frozen_quarter,2025-10-01,Feroce,UUUU,2025-10-22T18:51:24+00:00,,outside_confirmed_field,,,-0.33175152859426593,0.01466782347332285,-0.09706643530533543,-0.17953380407328368,https://x.com/FeroceResearch/status/1981070901555675556
frozen_quarter,2025-10-01,Austin,GOOG,2025-10-23T21:01:56+00:00,,outside_confirmed_field,,,0.12701136705709715,0.27625348022572327,0.31908282160345736,0.10141451547742553,https://x.com/austinsemis/status/1981466142284591198
frozen_quarter,2025-10-01,Feroce,CIFR,2025-10-25T00:50:38+00:00,,outside_confirmed_field,,,-0.32329030503166056,-0.1683405300550167,-0.07747484187979381,-0.3250602391078732,https://x.com/FeroceResearch/status/1981886083206988253
frozen_quarter,2025-10-01,Feroce,IREN,2025-10-25T00:50:38+00:00,,outside_confirmed_field,,,-0.34974611923949295,-0.1958762880546734,-0.2503461636846208,-0.35259599710752987,https://x.com/FeroceResearch/status/1981886083206988253
frozen_quarter,2025-10-01,Serenity,COIN,2025-10-25T02:02:07+00:00,,outside_confirmed_field,,,-0.3373849324486752,-0.38498430382796167,-0.4167080077982075,-0.5417040128808182,https://x.com/aleabitoreddit/status/1981904072761565532
frozen_quarter,2025-10-01,Jukan,AMD,2025-10-28T08:16:06+00:00,semis,unknown,0,0,-0.17013972796325738,0.002083730789613103,0.09782347052935281,-0.13384852111024337,https://x.com/jukan05/status/1983085352282882479
frozen_quarter,2025-10-01,Jukan,NVDA,2025-10-28T08:16:06+00:00,semis,unknown,0,0,-0.05439005353024984,-0.027868452720874015,0.03537944430502571,-0.1638007046207305,https://x.com/jukan05/status/1983085352282882479
frozen_quarter,2025-10-01,DGretta,SLNH,2025-10-29T14:25:42+00:00,,outside_confirmed_field,,,-0.4917491827081849,-0.5544554334689802,-0.5577557603857062,-0.6945476065833449,https://x.com/DGretta_Author/status/1983540753952645365
frozen_quarter,2025-10-01,Serenity,APLD,2025-11-02T04:20:21+00:00,,outside_confirmed_field,,,-0.20288218222676568,0.07572761659780314,-0.048601335133287016,-0.087706700360483,https://x.com/aleabitoreddit/status/1984837960735285593
frozen_quarter,2025-10-01,Serenity,DGXX,2025-11-02T04:20:21+00:00,,outside_confirmed_field,,,-0.3908947905576958,-0.5745682752223281,-0.47723705125093774,-0.7380025921806143,https://x.com/aleabitoreddit/status/1984837960735285593
frozen_quarter,2025-10-01,Serenity,HIVE,2025-11-02T04:20:21+00:00,,outside_confirmed_field,,,-0.41988946686003603,-0.49355431179794396,-0.5488029235475456,-0.6569886287562301,https://x.com/aleabitoreddit/status/1984837960735285593
frozen_quarter,2025-10-01,Serenity,CORZ,2025-11-04T18:04:54+00:00,,outside_confirmed_field,,,-0.25011330014010846,-0.19030353029754643,-0.11372905589439009,-0.37697293099538154,https://x.com/aleabitoreddit/status/1985770241532838347
frozen_quarter,2025-10-01,Tradex,LMND,2025-11-06T04:16:37+00:00,,outside_confirmed_field,,,-0.03030295440608144,0.04406572762174221,-0.2848484649985136,-0.08918022204526599,https://x.com/TradexWhisperer/status/1986286572703260898
frozen_quarter,2025-10-01,Tradex,CIFR,2025-11-06T04:33:58+00:00,,outside_confirmed_field,,,-0.17581045869198852,-0.3241895016706742,-0.2626766348756724,-0.4574354513376824,https://x.com/TradexWhisperer/status/1986290942958305501
frozen_quarter,2025-10-01,Serenity,MSFT,2025-11-06T17:19:34+00:00,,outside_confirmed_field,,,-0.027749287063458028,-0.16653588436002864,-0.16603281565319894,-0.29549975924130156,https://x.com/aleabitoreddit/status/1986483611202400672
frozen_quarter,2025-10-01,Tradex,LYFT,2025-11-11T03:48:26+00:00,,outside_confirmed_field,,,-0.08198101848476047,-0.30621712034497406,-0.40611169964014826,-0.47164649369677336,https://x.com/TradexWhisperer/status/1988091420927029498
frozen_quarter,2025-10-01,Feroce,OPEN,2025-11-12T21:45:40+00:00,,outside_confirmed_field,,,-0.21404682487595061,-0.4771460515492316,-0.40691192716947877,-0.6646502408328738,https://x.com/FeroceResearch/status/1988724902048985471
frozen_quarter,2025-10-01,Tradex,MSFT,2025-11-16T18:48:49+00:00,,outside_confirmed_field,,,-0.0661422048882142,-0.20967649387277632,-0.1883961180945316,-0.438396705711083,https://x.com/TradexWhisperer/status/1990129949735301545
frozen_quarter,2025-10-01,Serenity,ONDS,2025-11-18T08:49:42+00:00,,outside_confirmed_field,,,0.3143785340081722,0.5125914057290646,0.46872455787203116,0.24386423673380508,https://x.com/aleabitoreddit/status/1990703950895722627
frozen_quarter,2025-10-01,Tradex,NBIS,2025-11-20T01:55:52+00:00,,outside_confirmed_field,,,-0.2146233923542924,0.02383589197734981,1.2241777453255476,-0.21507037659107575,https://x.com/TradexWhisperer/status/1991324584583598230
frozen_quarter,2025-10-01,Serenity,VRT,2025-11-20T13:58:15+00:00,,outside_confirmed_field,,,-0.1273456873868064,0.37468917720437633,1.12655445896544,0.13578290863595077,https://x.com/aleabitoreddit/status/1991506376342843438
frozen_quarter,2025-10-01,Feroce,SNDK,2025-11-24T16:14:53+00:00,memory,unknown,1,1,0.07224168319145474,1.9180823469568136,5.056436409930185,1.638974165661652,https://x.com/FeroceResearch/status/1992990312793313655
frozen_quarter,2025-10-01,Serenity,CLS,2025-11-25T11:38:18+00:00,,outside_confirmed_field,,,-0.062150432407013234,-0.08310416305517954,0.04808850389833119,-0.362212344350341,https://x.com/aleabitoreddit/status/1993283099162189962
frozen_quarter,2025-10-01,Serenity,EOSE,2025-11-25T11:38:18+00:00,,outside_confirmed_field,,,-0.09256450977089237,-0.2124431051519251,-0.47799696850241014,-0.49155128644708657,https://x.com/aleabitoreddit/status/1993283099162189962
frozen_quarter,2025-10-01,Serenity,GOOGL,2025-11-25T11:38:18+00:00,,outside_confirmed_field,,,-0.036356904025717784,-0.04512431135246264,0.18837562863396662,-0.3242324926476241,https://x.com/aleabitoreddit/status/1993283099162189962
frozen_quarter,2025-10-01,Serenity,NVDA,2025-11-25T11:38:18+00:00,,outside_confirmed_field,,,0.08175634756364492,0.09513463519098386,0.2612772053708563,-0.1839735461041776,https://x.com/aleabitoreddit/status/1993283099162189962
frozen_quarter,2025-10-01,Serenity,SNDK,2025-11-25T11:38:18+00:00,memory,unknown,0,0,0.07224168319145474,1.9180823469568136,5.056436409930185,1.638974165661652,https://x.com/aleabitoreddit/status/1993283099162189962
frozen_quarter,2025-10-01,Serenity,STX,2025-11-25T11:38:18+00:00,memory,unknown,0,0,0.12588580316586784,0.6219444453219216,1.919619384385176,0.34283626402676015,https://x.com/aleabitoreddit/status/1993283099162189962
frozen_quarter,2025-10-01,Serenity,VST,2025-11-25T11:38:18+00:00,,outside_confirmed_field,,,-0.07128908278708157,-0.036075360255290234,-0.22616035560130698,-0.3151835415504517,https://x.com/aleabitoreddit/status/1993283099162189962
frozen_quarter,2025-10-01,Tradex,OSCR,2025-11-27T04:52:36+00:00,,outside_confirmed_field,,,-0.18076927349512817,-0.2884615787689888,0.21648343195303488,-0.5433635395533025,https://x.com/TradexWhisperer/status/1993905773890687333
frozen_quarter,2025-10-01,Serenity,LITE,2025-12-01T17:21:19+00:00,optics,unknown,0,0,0.1571170088168763,1.1850176937832444,1.8393603124403324,1.0124765247645218,https://x.com/aleabitoreddit/status/1995543748353347989
frozen_quarter,2025-10-01,Serenity,PL,2025-12-02T14:41:48+00:00,,outside_confirmed_field,,,0.6669483888869452,1.2282333711202265,3.2671174867110357,1.0720757757410186,https://x.com/aleabitoreddit/status/1995865990341496999
frozen_quarter,2025-10-01,Serenity,TTD,2025-12-04T14:06:54+00:00,,outside_confirmed_field,,,-0.03335041694015284,-0.3586454516780705,-0.45741406190594136,-0.44615845441289526,https://x.com/aleabitoreddit/status/1996581986472022087
frozen_quarter,2025-10-01,Serenity,XYZ,2025-12-05T01:24:10+00:00,,outside_confirmed_field,,,0.11736857368116604,0.0649689789631831,0.23604314879791888,-0.03926646243467791,https://x.com/aleabitoreddit/status/1996752424934297872
frozen_quarter,2025-10-01,Serenity,AMKR,2025-12-05T05:14:28+00:00,,outside_confirmed_field,,,0.0963553392986276,0.04259678512271603,0.5845101398820762,-0.061638656275144976,https://x.com/aleabitoreddit/status/1996810382875177099
frozen_quarter,2025-10-01,Serenity,COHR,2025-12-05T05:14:28+00:00,optics,unknown,0,0,0.0019354871524277506,0.47774185672883074,0.9433871033371135,0.37350641533096973,https://x.com/aleabitoreddit/status/1996810382875177099
frozen_quarter,2025-10-01,Serenity,MPWR,2025-12-05T05:14:28+00:00,,outside_confirmed_field,,,-0.009561805240471899,0.1397666782797511,0.6242778957091004,0.03553123688189008,https://x.com/aleabitoreddit/status/1996810382875177099
frozen_quarter,2025-10-01,Tradex,META,2025-12-07T21:01:58+00:00,,outside_confirmed_field,,,-0.013027805582235374,-0.013102487793014816,-0.1028924812339288,-0.09590958456581977,https://x.com/TradexWhisperer/status/1997773601723093233
frozen_quarter,2025-10-01,Zephyr,ACMR,2025-12-08T07:15:56+00:00,,outside_confirmed_field,,,0.3229901415096623,0.36276446639165694,1.314527539800097,0.279957369618852,https://x.com/zephyr_z9/status/1997928112601071865
frozen_quarter,2025-10-01,Serenity,KRKNF,2025-12-10T20:06:31+00:00,,outside_confirmed_field,,,0.23747268834755464,0.647058756309002,0.28736377417325376,0.5639065479309118,https://x.com/aleabitoreddit/status/1998846813177262295
frozen_quarter,2025-10-01,Serenity,KRUS,2025-12-10T20:06:31+00:00,,outside_confirmed_field,,,0.28659103061597824,0.10191555691990128,-0.14878184734783473,0.018763348541811053,https://x.com/aleabitoreddit/status/1998846813177262295
frozen_quarter,2025-10-01,Serenity,NFLX,2025-12-10T20:06:31+00:00,,outside_confirmed_field,,,-0.04728437027961685,0.03237487610359113,-0.13141644054057067,-0.0507773322744991,https://x.com/aleabitoreddit/status/1998846813177262295
frozen_quarter,2025-10-01,Serenity,OSS,2025-12-10T20:06:31+00:00,,outside_confirmed_field,,,0.05490190774129844,0.23267976308735672,1.4705881546296244,0.14952755470926649,https://x.com/aleabitoreddit/status/1998846813177262295
frozen_quarter,2025-10-01,Serenity,AAOI,2025-12-11T22:10:45+00:00,optics,unknown,0,0,-0.047323046062940355,2.588359951790073,4.00070624977704,2.4876842446669283,https://x.com/aleabitoreddit/status/1999240464420250042
frozen_quarter,2025-10-01,Feroce,META,2025-12-17T18:25:25+00:00,,outside_confirmed_field,,,-0.055979221126674195,-0.05231124091713901,-0.13484929557315617,-0.20289286744047674,https://x.com/FeroceResearch/status/2001358085206499761
frozen_quarter,2025-10-01,Austin,RIVN,2025-12-18T20:54:48+00:00,,outside_confirmed_field,,,-0.20433282755567583,-0.23535203636941104,-0.17479071050757544,-0.3833820127140688,https://x.com/austinsemis/status/2001758066157768934
frozen_quarter,2025-10-01,Zephyr,LITE,2025-12-20T10:31:34+00:00,,outside_confirmed_field,,,-0.05281586770531976,1.0178492544068654,1.5016072272389227,0.9087304853856137,https://x.com/zephyr_z9/status/2002326000982487266
frozen_quarter,2025-10-01,Serenity,AXTI,2025-12-26T15:16:26+00:00,optics,unknown,0,0,0.20786524153074915,3.729634800326446,5.491573309495047,3.5915855352149277,https://x.com/aleabitoreddit/status/2004572018327572855
frozen_quarter,2025-10-01,Serenity,SMTOY,2025-12-27T15:24:07+00:00,,outside_confirmed_field,,,0.10233489613382396,0.5931446116167107,1.2138599346574357,0.4550953465051928,https://x.com/aleabitoreddit/status/2004936335702753729
frozen_quarter,2025-10-01,Zephyr,AXTI,2025-12-28T23:41:31+00:00,,outside_confirmed_field,,,0.20786524153074915,3.729634800326446,5.491573309495047,3.5915855352149277,https://x.com/zephyr_z9/status/2005423901468495989
frozen_quarter,2025-10-01,Tradex,HUBS,2025-12-31T04:55:57+00:00,,outside_confirmed_field,,,-0.30049445194571456,-0.42656597364737714,-0.550947908715234,-0.48493528225512306,https://x.com/TradexWhisperer/status/2006227805525401904
frozen_quarter,2026-01-01,Serenity,PATH,2026-01-01T12:50:48+00:00,,outside_confirmed_field,,,-0.23696968772194604,-0.34121212814793445,-0.3981817996863163,-0.345198422534959,https://x.com/aleabitoreddit/status/2006709693012467774
frozen_quarter,2026-01-01,Serenity,POET,2026-01-01T12:50:48+00:00,optics,positive,2,2,-0.1291290805376547,-0.23723723121705453,0.5210210730525999,-0.24122352560407911,https://x.com/aleabitoreddit/status/2006709693012467774
frozen_quarter,2026-01-01,Serenity,AIRO,2026-01-02T12:46:56+00:00,,outside_confirmed_field,,,0.24125452463246444,0.033775601237590935,-0.1893848225435265,0.029789306850566355,https://x.com/aleabitoreddit/status/2007071108831338685
frozen_quarter,2026-01-01,Serenity,BULL,2026-01-02T12:46:56+00:00,,outside_confirmed_field,,,-0.10786800663553997,-0.4124365422335512,-0.17385785097241502,-0.4164228366205758,https://x.com/aleabitoreddit/status/2007071108831338685
frozen_quarter,2026-01-01,Serenity,FISV,2026-01-02T12:46:56+00:00,,outside_confirmed_field,,,-0.0562712765548804,-0.19250703739069952,-0.2961646729087686,-0.1964933317777241,https://x.com/aleabitoreddit/status/2007071108831338685
frozen_quarter,2026-01-01,Serenity,GEMI,2026-01-02T12:46:56+00:00,,outside_confirmed_field,,,-0.17425744182256409,-0.6000000188846393,-0.6128712932521974,-0.6039863132716639,https://x.com/aleabitoreddit/status/2007071108831338685
frozen_quarter,2026-01-01,Serenity,INTC,2026-01-02T12:46:56+00:00,,outside_confirmed_field,,,0.23034155831340897,0.09054800443462341,2.5178711545362424,0.08656171004759883,https://x.com/aleabitoreddit/status/2007071108831338685
frozen_quarter,2026-01-01,Serenity,DPZ,2026-01-03T09:25:50+00:00,,outside_confirmed_field,,,-0.016298073988694428,-0.13752401792086089,-0.28322117145244896,-0.16234469503994842,https://x.com/aleabitoreddit/status/2007382889911201983
frozen_quarter,2026-01-01,Serenity,AVAV,2026-01-03T09:43:52+00:00,,outside_confirmed_field,,,0.005287198389364534,-0.31842723290103225,-0.4863536761880175,-0.3432479100201198,https://x.com/aleabitoreddit/status/2007387427820978510
frozen_quarter,2026-01-01,Serenity,BA,2026-01-03T09:43:52+00:00,,outside_confirmed_field,,,0.018488618866463913,-0.13007559500042054,-0.05043923958553764,-0.15489627211950807,https://x.com/aleabitoreddit/status/2007387427820978510
frozen_quarter,2026-01-01,Serenity,CF,2026-01-03T09:43:52+00:00,,outside_confirmed_field,,,0.11256961409152466,0.6079256512432276,0.3089782903807081,0.5831049741241401,https://x.com/aleabitoreddit/status/2007387427820978510
frozen_quarter,2026-01-01,Serenity,CVE,2026-01-03T09:43:52+00:00,,outside_confirmed_field,,,0.15011814401451562,0.5679669365850546,0.46631201856215454,0.5431462594659671,https://x.com/aleabitoreddit/status/2007387427820978510
frozen_quarter,2026-01-01,Serenity,HII,2026-01-03T09:43:52+00:00,,outside_confirmed_field,,,0.17356332887166936,0.060758302222685856,-0.21262640671083344,0.035937625103598325,https://x.com/aleabitoreddit/status/2007387427820978510
frozen_quarter,2026-01-01,Serenity,HON,2026-01-03T09:43:52+00:00,,outside_confirmed_field,,,0.1622063686357873,0.15439227394391009,0.1859550936253529,0.12957159682482255,https://x.com/aleabitoreddit/status/2007387427820978510
frozen_quarter,2026-01-01,Serenity,LDOS,2026-01-03T09:43:52+00:00,,outside_confirmed_field,,,0.015170315949945001,-0.1603951419335966,-0.4506289235901477,-0.18521581905268414,https://x.com/aleabitoreddit/status/2007387427820978510
frozen_quarter,2026-01-01,Serenity,LHX,2026-01-03T09:43:52+00:00,,outside_confirmed_field,,,0.10686741279969048,0.12284061761483378,-0.052506632874515624,0.09801994049574625,https://x.com/aleabitoreddit/status/2007387427820978510
frozen_quarter,2026-01-01,Serenity,RTX,2026-01-03T09:43:52+00:00,,outside_confirmed_field,,,0.07362516316842838,0.029898509094946846,0.0036839424995394054,0.005077831975859315,https://x.com/aleabitoreddit/status/2007387427820978510
frozen_quarter,2026-01-01,Serenity,VLO,2026-01-03T09:43:52+00:00,,outside_confirmed_field,,,0.002949517347075048,0.3750347736325683,0.44343030548827267,0.3502140965134808,https://x.com/aleabitoreddit/status/2007387427820978510
frozen_quarter,2026-01-01,Serenity,AMTB,2026-01-03T15:23:20+00:00,,outside_confirmed_field,,,0.10611411707785345,0.11369377948005233,0.284487059136479,0.0888731023609648,https://x.com/aleabitoreddit/status/2007472856574373893
frozen_quarter,2026-01-01,Serenity,ENR,2026-01-03T15:23:20+00:00,,outside_confirmed_field,,,0.12945307998997047,-0.17611641621351581,0.1359758676857057,-0.20093709333260334,https://x.com/aleabitoreddit/status/2007472856574373893
frozen_quarter,2026-01-01,Serenity,GHM,2026-01-03T15:23:20+00:00,,outside_confirmed_field,,,0.0776470408720129,0.16058820836684284,0.7891177009133732,0.1357675312477553,https://x.com/aleabitoreddit/status/2007472856574373893
frozen_quarter,2026-01-01,Serenity,SU,2026-01-03T15:23:20+00:00,,outside_confirmed_field,,,0.17939525303018522,0.4806270627344671,0.20716684622370618,0.45580638561537956,https://x.com/aleabitoreddit/status/2007472856574373893
frozen_quarter,2026-01-01,Serenity,TRGP,2026-01-03T16:02:08+00:00,,outside_confirmed_field,,,0.04678858315477541,0.32109175719044036,0.43637702194639894,0.29627108007135283,https://x.com/aleabitoreddit/status/2007482618405945681
frozen_quarter,2026-01-01,Serenity,CVX,2026-01-03T16:31:04+00:00,,outside_confirmed_field,,,0.04995474376649689,0.2482654232065422,0.032036184365573206,0.22344474608745468,https://x.com/aleabitoreddit/status/2007489901877436756
frozen_quarter,2026-01-01,Serenity,HLI,2026-01-03T16:31:04+00:00,,outside_confirmed_field,,,-0.044982659128645075,-0.18531964043993854,-0.21407902701045523,-0.21014031755902607,https://x.com/aleabitoreddit/status/2007489901877436756
frozen_quarter,2026-01-01,Serenity,LAZ,2026-01-03T16:31:04+00:00,,outside_confirmed_field,,,0.07599998474121095,-0.1504000091552734,-0.1976000213623047,-0.17522068627436094,https://x.com/aleabitoreddit/status/2007489901877436756
frozen_quarter,2026-01-01,Serenity,PSX,2026-01-03T16:31:04+00:00,,outside_confirmed_field,,,0.045882393332088656,0.3395587696748621,0.2621323080623852,0.31473809255577456,https://x.com/aleabitoreddit/status/2007489901877436756
frozen_quarter,2026-01-01,Serenity,RMLFF,2026-01-04T03:06:30+00:00,,outside_confirmed_field,,,-0.0394144434402941,-0.007882915536997603,-0.12950451357509196,-0.032703592656085134,https://x.com/aleabitoreddit/status/2007649811621880238
frozen_quarter,2026-01-01,Serenity,GDRZF,2026-01-04T10:18:01+00:00,,outside_confirmed_field,,,-0.23404254239843414,-0.14893613567498942,-0.031914813748412985,-0.17375681279407695,https://x.com/aleabitoreddit/status/2007758407948788162
frozen_quarter,2026-01-01,Serenity,OI,2026-01-04T10:18:01+00:00,,outside_confirmed_field,,,0.0,-0.32628205308469005,-0.3775641153393252,-0.3511027302037776,https://x.com/aleabitoreddit/status/2007758407948788162
frozen_quarter,2026-01-01,Feroce,UPS,2026-01-07T23:53:40+00:00,,outside_confirmed_field,,,0.1141382503751247,-0.07121687128166387,0.04712742831862604,-0.13263148466323438,https://x.com/FeroceResearch/status/2009050835855253698
frozen_quarter,2026-01-01,Serenity,VLN,2026-01-09T14:45:15+00:00,,outside_confirmed_field,,,-0.3870967865982611,-0.471774220683696,-0.14919359723065284,-0.6090170208498796,https://x.com/aleabitoreddit/status/2009637599661510665
frozen_quarter,2026-01-01,gsmferrari,HIMS,2026-01-12T16:56:49+00:00,,outside_confirmed_field,,,-0.4807229103933378,-0.4051204955981037,0.08945775113719923,-0.5426599215852536,https://x.com/gsmferrari/status/2010757873454960933
frozen_quarter,2026-01-01,Feroce,CRWV,2026-01-12T21:10:18+00:00,,outside_confirmed_field,,,0.06805162662455544,0.03312742107967792,-0.061987693243004016,-0.10441200490747193,https://x.com/FeroceResearch/status/2010821664829841765
frozen_quarter,2026-01-01,Feroce,MP,2026-01-12T21:10:18+00:00,,outside_confirmed_field,,,-0.07951271233458801,-0.204134326463292,-0.25448500825348985,-0.34167375245044185,https://x.com/FeroceResearch/status/2010821664829841765
frozen_quarter,2026-01-01,Feroce,NBIS,2026-01-12T21:10:18+00:00,,outside_confirmed_field,,,-0.14478711124955024,0.27019472193476846,0.8185968425552592,0.1326552959476186,https://x.com/FeroceResearch/status/2010821664829841765
frozen_quarter,2026-01-01,Feroce,OKLO,2026-01-12T21:10:18+00:00,,outside_confirmed_field,,,-0.3430732745087175,-0.5484633569739953,-0.5470449028285682,-0.6860027829611451,https://x.com/FeroceResearch/status/2010821664829841765
frozen_quarter,2026-01-01,Serenity,ACMR,2026-01-13T03:25:40+00:00,,outside_confirmed_field,,,0.18093092362070906,-0.11843088782212285,0.7766517610899724,-0.2559703138092727,https://x.com/aleabitoreddit/status/2010916127925293347
frozen_quarter,2026-01-01,Serenity,SIDU,2026-01-13T03:25:40+00:00,,outside_confirmed_field,,,-0.2774390529781352,0.018292665641127526,-0.29573171861926273,-0.11924676034602233,https://x.com/aleabitoreddit/status/2010916127925293347
frozen_quarter,2026-01-01,Serenity,UMAC,2026-01-14T07:04:05+00:00,,outside_confirmed_field,,,-0.18169493594412078,-0.07118645360914322,0.39796615859209483,-0.23905645792638996,https://x.com/aleabitoreddit/status/2011333482144731617
frozen_quarter,2026-01-01,Serenity,ALMU,2026-01-14T07:12:38+00:00,,outside_confirmed_field,,,-0.2453932172796699,-0.5164044840951985,-0.20269663950030725,-0.6842744884124452,https://x.com/aleabitoreddit/status/2011335633445286396
frozen_quarter,2026-01-01,Serenity,SOUN,2026-01-14T07:21:40+00:00,,outside_confirmed_field,,,-0.270394120121357,-0.41063245478744514,-0.37671858058294594,-0.5785024591046919,https://x.com/aleabitoreddit/status/2011337908117258489
frozen_quarter,2026-01-01,Serenity,LPTH,2026-01-14T10:45:47+00:00,,outside_confirmed_field,,,-0.11617895362229225,0.10413081325850237,0.09036146308742787,-0.06373919105874437,https://x.com/aleabitoreddit/status/2011389274860523548
frozen_quarter,2026-01-01,Serenity,UAVS,2026-01-14T10:48:07+00:00,,outside_confirmed_field,,,-0.40340911476942143,-0.47159090216371635,-0.5397727234242868,-0.6394609064809631,https://x.com/aleabitoreddit/status/2011389862793171342
frozen_quarter,2026-01-01,gsmferrari,NVO,2026-01-14T18:43:22+00:00,,outside_confirmed_field,,,-0.1533137302299472,-0.3427928890717209,-0.15417891860628297,-0.48922247036183975,https://x.com/gsmferrari/status/2011509460762587184
frozen_quarter,2026-01-01,Serenity,SSYS,2026-01-15T18:54:26+00:00,,outside_confirmed_field,,,-0.0903814357099777,-0.299336690277354,-0.29104478497135855,-0.4673957826692725,https://x.com/aleabitoreddit/status/2011874634418045268
frozen_quarter,2026-01-01,Serenity,AMBA,2026-01-16T07:57:59+00:00,,outside_confirmed_field,,,-0.006154362732001095,-0.15640950996774283,0.16031221652454408,-0.32446860235966135,https://x.com/aleabitoreddit/status/2012071822481900030
frozen_quarter,2026-01-01,Serenity,TKR,2026-01-16T07:57:59+00:00,,outside_confirmed_field,,,0.15509849649608465,0.14406594751833035,0.4707583189900826,-0.023993144873588168,https://x.com/aleabitoreddit/status/2012071822481900030
frozen_quarter,2026-01-01,Serenity,VICR,2026-01-16T07:57:59+00:00,,outside_confirmed_field,,,0.06763420563369782,0.3013417560288041,0.8623355995545621,0.13328266363688557,https://x.com/aleabitoreddit/status/2012071822481900030
frozen_quarter,2026-01-01,gsmferrari,LI,2026-01-16T16:33:26+00:00,,outside_confirmed_field,,,0.16161612634354294,0.14646462578759412,-0.23106059420170832,-0.04883570366063328,https://x.com/gsmferrari/status/2012201538832290238
frozen_quarter,2026-01-01,Serenity,FIG,2026-01-16T18:21:23+00:00,,outside_confirmed_field,,,-0.18026969015940775,-0.278211499917831,-0.16075232922596838,-0.4735118293660584,https://x.com/aleabitoreddit/status/2012228706576515101
frozen_quarter,2026-01-01,gsmferrari,SMCI,2026-01-17T01:40:01+00:00,,outside_confirmed_field,,,-0.035245065888782956,-0.12560071399987827,-0.11374557325209,-0.32090104344810566,https://x.com/gsmferrari/status/2012339093351330095
frozen_quarter,2026-01-01,gsmferrari,ADBE,2026-01-17T20:06:03+00:00,,outside_confirmed_field,,,-0.1150788063139615,-0.1687279234381257,-0.21646508945511522,-0.3640282528863531,https://x.com/gsmferrari/status/2012617434377695680
frozen_quarter,2026-01-01,gsmferrari,CC,2026-01-18T16:22:43+00:00,,outside_confirmed_field,,,0.3786666870117188,0.5353333791097006,0.20800005594889326,0.3400330496614732,https://x.com/gsmferrari/status/2012923619865723327
frozen_quarter,2026-01-01,Serenity,LPKFF,2026-01-18T18:52:25+00:00,,outside_confirmed_field,,,0.1419752548606188,0.48148141171107306,1.3481480940760817,0.28618108226284567,https://x.com/aleabitoreddit/status/2012961292966117410
frozen_quarter,2026-01-01,Serenity,MTRN,2026-01-18T18:52:25+00:00,,outside_confirmed_field,,,0.056800095253041194,0.12304397837957914,0.7009029264645681,-0.07225635106864825,https://x.com/aleabitoreddit/status/2012961292966117410
frozen_quarter,2026-01-01,Serenity,WOLF,2026-01-18T18:52:25+00:00,,outside_confirmed_field,,,-0.03140825425904481,0.2107396097085399,0.7046606847033827,0.015439280260312493,https://x.com/aleabitoreddit/status/2012961292966117410
frozen_quarter,2026-01-01,Serenity,GFS,2026-01-19T22:23:23+00:00,optics,outside_confirmed_field,,,0.1995024951630684,0.2017413048864467,0.5905471993337754,0.00644097543821931,https://x.com/aleabitoreddit/status/2013376770121105710
frozen_quarter,2026-01-01,Serenity,KTOS,2026-01-19T22:23:23+00:00,,outside_confirmed_field,,,-0.28210131307054453,-0.4172195511169431,-0.6334400213820763,-0.6125198805651705,https://x.com/aleabitoreddit/status/2013376770121105710
frozen_quarter,2026-01-01,Serenity,DPRO,2026-01-19T22:45:24+00:00,,outside_confirmed_field,,,-0.21633558766071803,-0.34437088497709345,-0.4895143724291715,-0.5396712144253208,https://x.com/aleabitoreddit/status/2013382311056642527
frozen_quarter,2026-01-01,gsmferrari,DJT,2026-01-20T07:18:23+00:00,,outside_confirmed_field,,,-0.2839595564918347,-0.2630058022537033,-0.3843930372955561,-0.4583061317019307,https://x.com/gsmferrari/status/2013511407459832141
frozen_quarter,2026-01-01,Serenity,SKY,2026-01-20T08:20:27+00:00,,outside_confirmed_field,,,0.032117455191607025,-0.19504409843647308,-0.14750606505635022,-0.3903444278847005,https://x.com/aleabitoreddit/status/2013527028318846987
frozen_quarter,2026-01-01,gsmferrari,PYPL,2026-01-20T09:05:44+00:00,,outside_confirmed_field,,,-0.2657430725292115,-0.1081324566073053,-0.14267722281263018,-0.3034327860555327,https://x.com/gsmferrari/status/2013538424607637714
frozen_quarter,2026-01-01,gsmferrari,SMR,2026-01-20T12:34:35+00:00,,outside_confirmed_field,,,-0.2638637973033032,-0.3959246891986017,-0.5692545636894547,-0.5912250186468291,https://x.com/gsmferrari/status/2013590982281900346
frozen_quarter,2026-01-01,Serenity,VPG,2026-01-20T17:28:02+00:00,,outside_confirmed_field,,,0.022888861762152768,0.14177780151367192,1.463777838812934,-0.04576612709604899,https://x.com/aleabitoreddit/status/2013664829282599094
frozen_quarter,2026-01-01,gsmferrari,OKLO,2026-01-21T22:41:24+00:00,,outside_confirmed_field,,,-0.2684404060197788,-0.2774172807685703,-0.5058403733600948,-0.4505463264836217,https://x.com/gsmferrari/status/2014106079890706714
frozen_quarter,2026-01-01,Serenity,RMBS,2026-01-22T15:09:55+00:00,,outside_confirmed_field,,,-0.1670859645085504,0.029538256029298715,-0.17698616078761253,-0.17589484000481703,https://x.com/aleabitoreddit/status/2014354847202681059
frozen_quarter,2026-01-01,Serenity,NBCLF,2026-01-23T01:09:49+00:00,,outside_confirmed_field,,,0.2599593102480058,0.4956456911616547,-0.052695941247157596,0.29021259512753894,https://x.com/aleabitoreddit/status/2014505817509355841
frozen_quarter,2026-01-01,gsmferrari,LLKKF,2026-01-23T10:30:16+00:00,,outside_confirmed_field,,,-0.052203366611921265,-0.16338977489345163,-0.5796610051343847,-0.3688228709275674,https://x.com/gsmferrari/status/2014646861898912157
frozen_quarter,2026-01-01,gsmferrari,ENPH,2026-01-23T10:56:56+00:00,,outside_confirmed_field,,,0.12192774393472328,-0.18361443209360884,-0.010120437805911098,-0.3890475281277246,https://x.com/gsmferrari/status/2014653572009316594
frozen_quarter,2026-01-01,gsmferrari,NOG,2026-01-23T13:03:50+00:00,,outside_confirmed_field,,,0.18977175824492964,0.04480133021041932,-0.13947587736022304,-0.16063176582369643,https://x.com/gsmferrari/status/2014685505783292209
frozen_quarter,2026-01-01,gsmferrari,NKE,2026-01-23T16:45:42+00:00,,outside_confirmed_field,,,-0.026539075309343074,-0.284215381311997,-0.324795556704497,-0.5097098662526496,https://x.com/gsmferrari/status/2014741343168303108
frozen_quarter,2026-01-01,Serenity,UAMY,2026-01-24T17:54:08+00:00,,outside_confirmed_field,,,-0.3506711642971221,-0.1552013732910068,-0.5419463084563549,-0.3806958582316594,https://x.com/aleabitoreddit/status/2015120952485625909
frozen_quarter,2026-01-01,Serenity,PDYN,2026-01-24T18:19:59+00:00,,outside_confirmed_field,,,0.015128578307516571,0.0030257156615032255,-0.2617246572056694,-0.22246876927914938,https://x.com/aleabitoreddit/status/2015127456446087428
frozen_quarter,2026-01-01,Serenity,RCAT,2026-01-24T18:19:59+00:00,,outside_confirmed_field,,,-0.19210110574997818,-0.20568721350222052,-0.5172195918755986,-0.43118169844287313,https://x.com/aleabitoreddit/status/2015127456446087428
frozen_quarter,2026-01-01,Serenity,BBW,2026-01-25T19:24:36+00:00,,outside_confirmed_field,,,-0.2202475558123438,-0.3803554593238688,-0.4584258835258287,-0.6058499442645214,https://x.com/aleabitoreddit/status/2015506107075264735
frozen_quarter,2026-01-01,Serenity,AA,2026-01-26T15:14:41+00:00,,outside_confirmed_field,,,0.06328454180073928,0.18656389077845903,-0.24716476948971433,-0.05358427234227192,https://x.com/aleabitoreddit/status/2015805598265479518
frozen_quarter,2026-01-01,Serenity,ALM,2026-01-26T15:14:41+00:00,,outside_confirmed_field,,,0.42685026566231565,1.0077452799891797,0.1987952187923414,0.7675971168684488,https://x.com/aleabitoreddit/status/2015805598265479518
frozen_quarter,2026-01-01,Serenity,FCX,2026-01-26T15:14:41+00:00,,outside_confirmed_field,,,0.10373979273850353,0.14406505057482222,-0.04406502576378302,-0.09608311254590873,https://x.com/aleabitoreddit/status/2015805598265479518
frozen_quarter,2026-01-01,Serenity,LAC,2026-01-26T15:14:41+00:00,,outside_confirmed_field,,,-0.14576273213786217,-0.1559322138005238,-0.508474568052218,-0.39608037692125475,https://x.com/aleabitoreddit/status/2015805598265479518
frozen_quarter,2026-01-01,Serenity,SYAAF,2026-01-26T15:14:41+00:00,,outside_confirmed_field,,,-0.24434391367467423,-0.5972850623815872,-0.5882353040332453,-0.8374332255023181,https://x.com/aleabitoreddit/status/2015805598265479518
frozen_quarter,2026-01-01,Serenity,TECK,2026-01-26T15:14:41+00:00,,outside_confirmed_field,,,0.09202119542456422,0.08197914599675848,-0.004929714360179416,-0.15816901712397247,https://x.com/aleabitoreddit/status/2015805598265479518
frozen_quarter,2026-01-01,gsmferrari,ELBM,2026-01-26T17:09:06+00:00,,outside_confirmed_field,,,-0.2641509306647245,-0.4207546645697826,-0.5132075465332362,-0.6609028276905136,https://x.com/gsmferrari/status/2015834392862539898
frozen_quarter,2026-01-01,Feroce,USAR,2026-01-29T00:37:08+00:00,,outside_confirmed_field,,,-0.11360634203944375,-0.03742837993781589,-0.3033905621933418,-0.3154615364362654,https://x.com/FeroceResearch/status/2016671918863392868
frozen_quarter,2026-01-01,Serenity,MCB,2026-01-31T03:26:11+00:00,,outside_confirmed_field,,,-0.07022287375407332,-0.016987662042085683,-0.015040028318411114,-0.29837913241586955,https://x.com/aleabitoreddit/status/2017439237294211221
frozen_quarter,2026-01-01,Zephyr,SNDK,2026-02-01T11:00:44+00:00,semis,positive,3,2,0.05140880701204087,0.7023317874051409,1.4397684559539004,0.42094031703135704,https://x.com/zephyr_z9/status/2017916018606457283
frozen_quarter,2026-01-01,Serenity,JPM,2026-02-02T04:49:49+00:00,,outside_confirmed_field,,,-0.022663056198313103,0.02295874974753276,0.16011956042898623,-0.2584327206262511,https://x.com/aleabitoreddit/status/2018185060353278016
frozen_quarter,2026-01-01,Serenity,PYPL,2026-02-02T04:49:49+00:00,,outside_confirmed_field,,,-0.1308571225120908,-0.05447620210193449,0.06952383858816957,-0.33586767247571836,https://x.com/aleabitoreddit/status/2018185060353278016
frozen_quarter,2026-01-01,Feroce,AMD,2026-02-03T02:56:49+00:00,,outside_confirmed_field,,,-0.24090640178226053,0.34013111215188596,0.9676008992343066,0.07579466303768112,https://x.com/FeroceResearch/status/2018519013341397408
frozen_quarter,2026-01-01,Feroce,INTC,2026-02-03T02:56:49+00:00,,outside_confirmed_field,,,-0.1390332143075681,0.8927286736063267,0.831202470119285,0.6283922244921218,https://x.com/FeroceResearch/status/2018519013341397408
frozen_quarter,2026-01-01,Serenity,ANET,2026-02-04T22:48:03+00:00,,outside_confirmed_field,,,0.09136452073002554,0.35207071486284014,0.23674937030468657,-0.0742476161600707,https://x.com/aleabitoreddit/status/2019181182026686661
frozen_quarter,2026-01-01,Feroce,TSM,2026-02-06T17:14:19+00:00,,outside_confirmed_field,,,-0.00017203107269692097,0.13089228299758981,0.15910651646003093,-0.26897436853005474,https://x.com/FeroceResearch/status/2019821971882877227
frozen_quarter,2026-01-01,Feroce,AVGO,2026-02-06T19:36:14+00:00,,outside_confirmed_field,,,0.04528830149009977,0.29201559859137705,0.17689032170088015,-0.10785105293626751,https://x.com/FeroceResearch/status/2019857688562389088
frozen_quarter,2026-01-01,Serenity,DUOL,2026-02-09T07:13:43+00:00,,outside_confirmed_field,,,-0.15790357929605603,-0.1276310374901729,0.1304821598204926,-0.5274976890178175,https://x.com/aleabitoreddit/status/2020757990039802293
frozen_quarter,2026-01-01,Tradex,AMAT,2026-02-09T19:43:03+00:00,,outside_confirmed_field,,,0.048566119695227616,0.2993997882476327,0.5709999544817526,-0.13438050952666103,https://x.com/TradexWhisperer/status/2020946568065712315
frozen_quarter,2026-01-01,Serenity,U,2026-02-11T16:28:04+00:00,,outside_confirmed_field,,,-0.07387985085224302,0.34223071791404047,0.6906578643767816,-0.08928856900938764,https://x.com/aleabitoreddit/status/2021622271316742460
frozen_quarter,2026-01-01,Feroce,SOXX,2026-02-11T21:02:44+00:00,,outside_confirmed_field,,,-0.09153686731922983,0.4315192869234281,0.4601332324980896,0.0,https://x.com/FeroceResearch/status/2021691396671828134
frozen_quarter,2026-01-01,Serenity,EWY,2026-02-13T12:16:49+00:00,,outside_confirmed_field,,,-0.05725568209995413,0.4644240453205377,0.24626009624542733,-0.04566673755743955,https://x.com/aleabitoreddit/status/2022283819374854167
frozen_quarter,2026-01-01,Tradex,SNDK,2026-02-14T16:35:15+00:00,memory,unknown,1,1,0.149722230200674,1.3725817312602122,0.9807352302900327,0.8975238603142972,https://x.com/TradexWhisperer/status/2022711243899900013
frozen_quarter,2026-01-01,Serenity,CEG,2026-02-16T01:25:02+00:00,,outside_confirmed_field,,,0.05558049286907618,0.014197436898640614,-0.06770519274282716,-0.4608604340472744,https://x.com/aleabitoreddit/status/2023206956601876691
frozen_quarter,2026-01-01,Serenity,ETN,2026-02-16T01:25:02+00:00,,outside_confirmed_field,,,-0.06654943460264773,0.03813537423484137,0.16003928355097163,-0.43692249671107364,https://x.com/aleabitoreddit/status/2023206956601876691
frozen_quarter,2026-01-01,Serenity,SYM,2026-02-16T01:25:02+00:00,,outside_confirmed_field,,,-0.05558643565213017,-0.04910137976543816,-0.2555123328445922,-0.5241592507113532,https://x.com/aleabitoreddit/status/2023206956601876691
frozen_quarter,2026-01-01,Serenity,TER,2026-02-16T01:25:02+00:00,,outside_confirmed_field,,,-0.026057178730867325,0.17044901945153068,0.2385632573341836,-0.3046088514943843,https://x.com/aleabitoreddit/status/2023206956601876691
frozen_quarter,2026-01-01,Serenity,INFQ,2026-02-18T14:54:07+00:00,,outside_confirmed_field,,,-0.3492695937797132,-0.07237716614988199,-0.21513948436363617,-0.5688762351474581,https://x.com/aleabitoreddit/status/2024135345542242531
frozen_quarter,2026-01-01,Serenity,SIMO,2026-02-18T15:41:40+00:00,,outside_confirmed_field,,,-0.05714284567008343,0.9838346323572604,0.6842105263157894,0.4873355633596843,https://x.com/aleabitoreddit/status/2024147309949551096
frozen_quarter,2026-01-01,Feroce,BE,2026-02-19T18:38:09+00:00,,outside_confirmed_field,,,0.06969133339371703,0.7708400754959008,0.5219149128884037,0.33267724769991824,https://x.com/FeroceResearch/status/2024554113627832408
frozen_quarter,2026-01-01,Feroce,FCX,2026-02-25T18:51:57+00:00,,outside_confirmed_field,,,-0.16388398984713948,-0.08743405847593566,-0.028705318094805587,-0.519581050614565,https://x.com/FeroceResearch/status/2026731914158068096
frozen_quarter,2026-01-01,Tradex,AXTI,2026-02-26T07:16:08+00:00,,outside_confirmed_field,,,0.7072242629052561,2.0676804639445363,1.0864384275479737,1.635533471805907,https://x.com/TradexWhisperer/status/2026919193443184873
frozen_quarter,2026-01-01,Tradex,GLW,2026-02-26T07:16:08+00:00,,outside_confirmed_field,,,-0.07583982357001129,0.21173275227371469,0.009724635515264923,-0.2204142398649147,https://x.com/TradexWhisperer/status/2026919193443184873
frozen_quarter,2026-01-01,Tradex,LITE,2026-02-26T07:16:08+00:00,,outside_confirmed_field,,,0.08348844881427375,0.3446538490436988,0.21752166887040558,-0.08749314309493061,https://x.com/TradexWhisperer/status/2026919193443184873
frozen_quarter,2026-01-01,Serenity,AEHR,2026-02-26T17:55:14+00:00,optics,positive,2,2,-0.09620915830524923,1.4841829187729778,1.8224836361953636,0.9471977708644226,https://x.com/aleabitoreddit/status/2027080026051731630
frozen_quarter,2026-01-01,Serenity,NET,2026-02-27T14:40:21+00:00,,outside_confirmed_field,,,0.21097531561984906,0.2975842601011549,0.6636445798758728,-0.36066645308377177,https://x.com/aleabitoreddit/status/2027393372953174177
frozen_quarter,2026-01-01,Serenity,PINS,2026-02-27T14:40:21+00:00,,outside_confirmed_field,,,0.06923537485083409,0.1637567256716026,0.3985550083459417,-0.4944939875133241,https://x.com/aleabitoreddit/status/2027393372953174177
frozen_quarter,2026-01-01,Serenity,SPOT,2026-02-27T14:40:21+00:00,,outside_confirmed_field,,,-0.06504401844304009,0.04820424572063975,0.054971798642081016,-0.6100464674642869,https://x.com/aleabitoreddit/status/2027393372953174177
frozen_quarter,2026-01-01,Tradex,EWY,2026-02-27T15:24:56+00:00,,outside_confirmed_field,,,-0.1605605921748624,0.39224258045062355,0.23619212946297363,-0.2660081327343031,https://x.com/TradexWhisperer/status/2027404592817058190
frozen_quarter,2026-01-01,gsmferrari,DEFT,2026-03-02T08:53:33+00:00,,outside_confirmed_field,,,-0.26788431908860966,0.03500761297370847,-0.2161339701927788,-0.6232431002112182,https://x.com/gsmferrari/status/2028393258070474842
frozen_quarter,2026-01-01,Serenity,LASR,2026-03-02T13:01:47+00:00,,outside_confirmed_field,,,-0.047252293593015304,0.208265399402916,-0.30099248802447287,-0.4499853137820107,https://x.com/aleabitoreddit/status/2028455727996752242
frozen_quarter,2026-01-01,Serenity,SLOIF,2026-03-03T12:32:25+00:00,,outside_confirmed_field,,,0.17919998168945317,2.503999938964844,1.5099999999999998,1.835864275154482,https://x.com/aleabitoreddit/status/2028810725398053326
frozen_quarter,2026-01-01,Tradex,AAOI,2026-03-05T03:21:14+00:00,,outside_confirmed_field,,,-0.11426812630784178,0.624884676717997,0.16063190076167944,-0.05431280731520416,https://x.com/TradexWhisperer/status/2029396791863722111
frozen_quarter,2026-01-01,Tradex,COHR,2026-03-05T03:21:14+00:00,,outside_confirmed_field,,,-0.05675455402643048,0.3759278785653357,0.09679884290852248,-0.3032696054678654,https://x.com/TradexWhisperer/status/2029396791863722111
frozen_quarter,2026-01-01,Tradex,HIMS,2026-03-07T01:52:05+00:00,,outside_confirmed_field,,,-0.1242731083316504,0.18500969407984957,0.3637734068195908,-0.7157160895012311,https://x.com/TradexWhisperer/status/2030099133474951345
frozen_quarter,2026-01-01,Serenity,TSEM,2026-03-07T23:24:18+00:00,optics,positive,2,2,0.7397548753415413,1.512897843230458,1.011068484424122,0.6121720596493774,https://x.com/aleabitoreddit/status/2030424332552573150
frozen_quarter,2026-01-01,Serenity,SSNLF,2026-03-08T06:19:05+00:00,,outside_confirmed_field,,,0.0,0.0,0.0,-0.9007257835810807,https://x.com/aleabitoreddit/status/2030528714380083620
frozen_quarter,2026-01-01,Austin,AVGO,2026-03-10T18:21:21+00:00,semis,other,2,2,0.023468310898932865,0.22277360150629044,0.08100061384346624,-0.547329102467645,https://x.com/austinsemis/status/2031435255454875677
frozen_quarter,2026-01-01,Austin,MRVL,2026-03-10T18:21:21+00:00,semis,other,2,2,0.22275639758568788,2.3806623700241736,1.2613248623142872,1.6105596660502381,https://x.com/austinsemis/status/2031435255454875677
frozen_quarter,2026-01-01,Serenity,PFGC,2026-03-11T07:23:11+00:00,,outside_confirmed_field,,,0.017037566544980676,0.08866483117886359,0.1493973061198215,-0.6814378727950718,https://x.com/aleabitoreddit/status/2031632009618161879
frozen_quarter,2026-01-01,Serenity,SYY,2026-03-11T07:23:11+00:00,,outside_confirmed_field,,,-0.10450425207840097,-0.11403717711668881,-0.03384171115177137,-0.8841398810906242,https://x.com/aleabitoreddit/status/2031632009618161879
frozen_quarter,2026-01-01,Serenity,USFD,2026-03-11T07:23:11+00:00,,outside_confirmed_field,,,0.01753609165163872,-0.08768037358122682,0.16359598350052384,-0.8577830775551623,https://x.com/aleabitoreddit/status/2031632009618161879
frozen_quarter,2026-01-01,Serenity,CODA,2026-03-11T16:13:30+00:00,,outside_confirmed_field,,,-0.1595383232061276,-0.19891374355444336,-0.31704000459939075,-0.7989908923980656,https://x.com/aleabitoreddit/status/2031765468982473011
frozen_quarter,2026-01-01,gsmferrari,MOS,2026-03-11T17:33:40+00:00,,outside_confirmed_field,,,-0.1861513340199379,-0.28373589959470835,-0.20193232542599604,-0.8838130484383306,https://x.com/gsmferrari/status/2031785641797640627
frozen_quarter,2026-01-01,Serenity,PAYP,2026-03-13T05:53:16+00:00,,outside_confirmed_field,,,-0.042857124691917825,-0.27761904398600257,-0.250952402750651,-0.9891621248829935,https://x.com/aleabitoreddit/status/2032334155053470177
frozen_quarter,2026-01-01,gsmferrari,ALB,2026-03-13T13:25:05+00:00,,outside_confirmed_field,,,0.058328711149006285,-0.08673133632649999,-0.16041937069099887,-0.7982744172234909,https://x.com/gsmferrari/status/2032447857983209735
frozen_quarter,2026-01-01,Serenity,BESIY,2026-03-13T22:34:07+00:00,,outside_confirmed_field,,,0.15892329876002886,0.5823742380999075,0.04176257619000934,-0.07639406533210202,https://x.com/aleabitoreddit/status/2032586030059237713
frozen_quarter,2026-01-01,gsmferrari,CDW,2026-03-14T19:08:37+00:00,,outside_confirmed_field,,,0.12610994105784767,0.1384050435820683,0.3142076038197261,-0.5203632598499413,https://x.com/gsmferrari/status/2032896700361199771
frozen_quarter,2026-01-01,Serenity,ASML,2026-03-14T19:15:25+00:00,,outside_confirmed_field,,,0.08747965229357901,0.2886873654325961,0.19330630806330196,-0.37008093799941344,https://x.com/aleabitoreddit/status/2032898412279115858
frozen_quarter,2026-01-01,Serenity,BE,2026-03-14T19:15:25+00:00,,outside_confirmed_field,,,0.10834382016147504,0.6286699830123914,0.4777290594171908,-0.03009832041961813,https://x.com/aleabitoreddit/status/2032898412279115858
frozen_quarter,2026-01-01,Zephyr,GDS,2026-03-18T11:18:59+00:00,,outside_confirmed_field,,,-0.07761765052532676,-0.2741346046038665,-0.3119758943275507,-0.9977125412900857,https://x.com/zephyr_z9/status/2034228063421231293
frozen_quarter,2026-01-01,Zephyr,VNET,2026-03-18T11:18:59+00:00,,outside_confirmed_field,,,-0.08248467322960362,-0.0885946957837106,-0.3126272698809053,-0.8121726324699298,https://x.com/zephyr_z9/status/2034228063421231293
frozen_quarter,2026-01-01,Serenity,SONY,2026-03-23T01:31:13+00:00,,outside_confirmed_field,,,0.037754147744740285,-0.013552792290101645,,-0.751880437598531,https://x.com/aleabitoreddit/status/2035892086181155327
frozen_quarter,2026-01-01,Serenity,MTSI,2026-03-25T04:13:56+00:00,,outside_confirmed_field,,,0.16098748586136535,0.6405130544861377,,-0.21743501553448596,https://x.com/aleabitoreddit/status/2036657811179155561
frozen_quarter,2026-01-01,Feroce,ARM,2026-03-25T19:17:05+00:00,,outside_confirmed_field,,,0.3003494926828607,1.5911660972702917,,0.6615446914353345,https://x.com/FeroceResearch/status/2036885097668833284
frozen_quarter,2026-01-01,gsmferrari,MSFT,2026-03-27T18:29:16+00:00,,outside_confirmed_field,,,0.1738602224064465,0.009836964958921834,,-0.8310199592950951,https://x.com/gsmferrari/status/2037597841682584050
frozen_quarter,2026-01-01,Serenity,LNG,2026-03-28T17:17:08+00:00,,outside_confirmed_field,,,-0.13789098584886716,-0.2327428981646653,,-1.0735998224186822,https://x.com/aleabitoreddit/status/2037942075422027868
frozen_quarter,2026-01-01,Serenity,NEXT,2026-03-28T17:17:08+00:00,,outside_confirmed_field,,,-0.1350059892343043,-0.14456392529163686,,-0.9854208495456538,https://x.com/aleabitoreddit/status/2037942075422027868
frozen_quarter,2026-01-01,gsmferrari,MSTR,2026-03-29T17:28:39+00:00,,outside_confirmed_field,,,0.30605938218807616,-0.27340798891520557,,-1.1142649131692224,https://x.com/gsmferrari/status/2038307359391440937
frozen_quarter,2026-04-01,Tradex,INTC,2026-04-02T19:52:25+00:00,,outside_confirmed_field,,,0.9579402644511834,1.7443003528220027,,0.8680997485288999,https://x.com/TradexWhisperer/status/2039793091658616886
frozen_quarter,2026-04-01,Serenity,GILT,2026-04-05T04:56:46+00:00,,outside_confirmed_field,,,0.0857813775091103,-0.21797884479225482,,-1.0941794490853576,https://x.com/aleabitoreddit/status/2040654858475504075
frozen_quarter,2026-04-01,Serenity,NTTYY,2026-04-05T04:56:46+00:00,,outside_confirmed_field,,,-0.04169980665938877,-0.1171565022710932,,-0.993357106564196,https://x.com/aleabitoreddit/status/2040654858475504075
frozen_quarter,2026-04-01,Serenity,SAFRY,2026-04-05T04:56:46+00:00,,outside_confirmed_field,,,-0.05126692460045035,0.15816144266682985,,-0.7180391616262729,https://x.com/aleabitoreddit/status/2040654858475504075
frozen_quarter,2026-04-01,Serenity,SGBAF,2026-04-05T04:56:46+00:00,,outside_confirmed_field,,,0.14502765523882033,0.1698895766291828,,-0.70631102766392,https://x.com/aleabitoreddit/status/2040654858475504075
frozen_quarter,2026-04-01,Serenity,SKPJF,2026-04-05T04:56:46+00:00,,outside_confirmed_field,,,0.0,2.1964285714285716,,1.3202279671354689,https://x.com/aleabitoreddit/status/2040654858475504075
frozen_quarter,2026-04-01,Serenity,VSAT,2026-04-05T04:56:46+00:00,,outside_confirmed_field,,,0.2291431353197264,0.6951679564850899,,-0.18103264780801287,https://x.com/aleabitoreddit/status/2040654858475504075
frozen_quarter,2026-04-01,Serenity,DRAM,2026-04-09T10:27:36+00:00,memory,positive,3,2,0.5453968350849454,1.055873083689856,,0.4897270322930911,https://x.com/aleabitoreddit/status/2042187668931616964
frozen_quarter,2026-04-01,Serenity,FN,2026-04-09T10:27:36+00:00,optics,positive,7,7,0.10774182956332234,-0.18316909508687085,,-0.7493151464836357,https://x.com/aleabitoreddit/status/2042187668931616964
frozen_quarter,2026-04-01,Serenity,JBL,2026-04-09T10:27:36+00:00,,outside_confirmed_field,,,0.2967192914361605,0.17789226149760373,,-0.38825378989916115,https://x.com/aleabitoreddit/status/2042187668931616964
frozen_quarter,2026-04-01,Serenity,POWL,2026-04-09T10:27:36+00:00,,outside_confirmed_field,,,0.4698053895202956,0.13826177099842774,,-0.42788428039833715,https://x.com/aleabitoreddit/status/2042187668931616964
frozen_quarter,2026-04-01,Serenity,SMTC,2026-04-09T10:27:36+00:00,optics,positive,7,7,0.3698425412608537,0.5962532580126836,,0.030107206615918702,https://x.com/aleabitoreddit/status/2042187668931616964
frozen_quarter,2026-04-01,gsmferrari,HOOD,2026-04-10T22:55:13+00:00,,outside_confirmed_field,,,0.12938929273987698,0.6645406602365207,,0.20426727069527706,https://x.com/gsmferrari/status/2042738197067649170
frozen_quarter,2026-04-01,gsmferrari,CRM,2026-04-11T00:23:32+00:00,,outside_confirmed_field,,,0.08841666568473316,-0.0028135361395803526,,-0.463086925680824,https://x.com/gsmferrari/status/2042760424513229306
frozen_quarter,2026-04-01,gsmferrari,NOW,2026-04-11T00:34:37+00:00,,outside_confirmed_field,,,0.07561641991209944,0.27144040400422176,,-0.18883298553702188,https://x.com/gsmferrari/status/2042763213209587745
frozen_quarter,2026-04-01,gsmferrari,CRWV,2026-04-11T19:19:44+00:00,,outside_confirmed_field,,,0.09522670373770437,-0.13648355655916022,,-0.5967569461004039,https://x.com/gsmferrari/status/2043046359717044434
frozen_quarter,2026-04-01,gsmferrari,RBLX,2026-04-13T15:49:56+00:00,,outside_confirmed_field,,,-0.2870210156641586,-0.026061414520592185,,-0.48820704482817434,https://x.com/gsmferrari/status/2043718338333859843
frozen_quarter,2026-04-01,gsmferrari,ORCL,2026-04-15T15:04:29+00:00,,outside_confirmed_field,,,0.07561498966299629,-0.2543929562896492,,-0.6363449705602353,https://x.com/gsmferrari/status/2044431674352566277
frozen_quarter,2026-04-01,Serenity,BIRD,2026-04-15T17:14:30+00:00,,outside_confirmed_field,,,-0.6783605441329588,-0.7915943102049707,,-1.1735463244755568,https://x.com/aleabitoreddit/status/2044464395380736079
frozen_quarter,2026-04-01,gsmferrari,ALAB,2026-04-15T23:57:00+00:00,,outside_confirmed_field,,,0.29531789790688223,1.092774495913114,,0.7108224816425279,https://x.com/gsmferrari/status/2044565686303723906
frozen_quarter,2026-04-01,Feroce,ALAB,2026-04-20T21:23:56+00:00,,outside_confirmed_field,,,0.14214570506519042,0.6939867032284768,,0.432093250083885,https://x.com/FeroceResearch/status/2046339103319265359
frozen_quarter,2026-04-01,Feroce,CRDO,2026-04-20T21:23:56+00:00,,outside_confirmed_field,,,-0.13038393474502752,0.15731777825574111,,-0.10457567488885067,https://x.com/FeroceResearch/status/2046339103319265359
frozen_quarter,2026-04-01,Tradex,AMKR,2026-04-22T04:44:25+00:00,,outside_confirmed_field,,,-0.08972220950656462,-0.1258333524068197,,-0.34712714455187565,https://x.com/TradexWhisperer/status/2046812344454631928
frozen_quarter,2026-04-01,Tradex,ASX,2026-04-22T04:44:25+00:00,,outside_confirmed_field,,,0.04252447737326359,0.29632132755073437,,0.07502753540567841,https://x.com/TradexWhisperer/status/2046812344454631928
frozen_quarter,2026-04-01,Feroce,SMH,2026-04-23T15:46:57+00:00,,outside_confirmed_field,,,0.1368741242027709,0.16930593115421222,,-0.038522052115973926,https://x.com/FeroceResearch/status/2047341463227285515
frozen_quarter,2026-04-01,Feroce,UAMY,2026-04-27T20:21:52+00:00,,outside_confirmed_field,,,-0.17893748411283394,-0.4864864432479322,,-0.7460892677434435,https://x.com/FeroceResearch/status/2048860202146111996
frozen_quarter,2026-04-01,DGretta,FLEX,2026-04-28T00:53:51+00:00,,outside_confirmed_field,,,0.6504206012462135,0.4741329772070193,,0.214530152711508,https://x.com/DGretta_Author/status/2048928647197634718
frozen_quarter,2026-04-01,DGretta,JBL,2026-04-28T00:53:51+00:00,,outside_confirmed_field,,,0.15227272727272734,-0.024121186227509472,,-0.2837240107230208,https://x.com/DGretta_Author/status/2048928647197634718
frozen_quarter,2026-04-01,Feroce,STX,2026-04-28T20:39:00+00:00,memory,outside_confirmed_field,,,0.30342225605856044,0.2750232452232162,,0.09142265633801316,https://x.com/FeroceResearch/status/2049226900279611782
frozen_quarter,2026-04-01,Serenity,CAMT,2026-04-29T21:40:20+00:00,,outside_confirmed_field,,,-0.08372215580971498,-0.205976373714982,,-0.33880491582662686,https://x.com/aleabitoreddit/status/2049604721766494640
frozen_quarter,2026-04-01,Serenity,FORM,2026-04-29T21:40:20+00:00,,outside_confirmed_field,,,-0.0956944359673394,-0.31388886769612634,,-0.4467174098077712,https://x.com/aleabitoreddit/status/2049604721766494640
frozen_quarter,2026-04-01,Serenity,KEYS,2026-04-29T21:40:20+00:00,,outside_confirmed_field,,,-0.01675799112211096,-0.09054539055040733,,-0.2233739326620522,https://x.com/aleabitoreddit/status/2049604721766494640
frozen_quarter,2026-04-01,Serenity,ONTO,2026-04-29T21:40:20+00:00,,outside_confirmed_field,,,-0.11460435934383295,-0.10256238663311068,,-0.23539092874475553,https://x.com/aleabitoreddit/status/2049604721766494640
frozen_quarter,2026-04-01,Serenity,VIAV,2026-04-29T21:40:20+00:00,,outside_confirmed_field,,,-0.19169861107251618,-0.3638940026716234,,-0.49672254478326827,https://x.com/aleabitoreddit/status/2049604721766494640
frozen_quarter,2026-04-01,DGretta,DAVE,2026-04-29T22:15:42+00:00,,outside_confirmed_field,,,0.040969708371819014,0.5708256243671714,,0.4379970822555266,https://x.com/DGretta_Author/status/2049613623891292341
frozen_quarter,2026-04-01,Feroce,WDC,2026-04-30T00:22:49+00:00,memory,positive,2,2,0.2436026188830165,0.1657341037521909,,0.03290556164054603,https://x.com/FeroceResearch/status/2049645612719550669
frozen_quarter,2026-04-01,Serenity,TOWCF,2026-04-30T00:25:10+00:00,,outside_confirmed_field,,,-0.03640418945269952,-0.15311300825862295,,-0.2859415503702678,https://x.com/aleabitoreddit/status/2049646205039522009
frozen_quarter,2026-04-01,gsmferrari,COIN,2026-04-30T15:15:10+00:00,,outside_confirmed_field,,,-0.01485306457677138,-0.12497399612311622,,-0.19693070026196335,https://x.com/gsmferrari/status/2049870182558883976
frozen_quarter,2026-04-01,DGretta,EOSE,2026-04-30T16:20:42+00:00,,outside_confirmed_field,,,0.2600897209376485,-0.4962631006375149,,-0.568219804776362,https://x.com/DGretta_Author/status/2049886672087646260
frozen_quarter,2026-04-01,Serenity,YSS,2026-04-30T18:35:10+00:00,,outside_confirmed_field,,,-0.023047005725242875,-0.46692608358925447,,-0.5388827877281016,https://x.com/aleabitoreddit/status/2049920512105816146
frozen_quarter,2026-04-01,DGretta,CELH,2026-05-01T01:40:01+00:00,,outside_confirmed_field,,,-0.01334521787215015,-0.12663108846929738,,-0.19858779260814452,https://x.com/DGretta_Author/status/2050027430241337733
frozen_quarter,2026-04-01,Tradex,DRAM,2026-05-03T01:49:17+00:00,memory,unknown,1,1,0.6132858253456985,0.06405686478052597,,0.07031846955398058,https://x.com/TradexWhisperer/status/2050754538047778999
frozen_quarter,2026-04-01,DGretta,POOL,2026-05-03T12:57:09+00:00,,outside_confirmed_field,,,-0.1136263858710792,-0.058225045035006584,,-0.051963440261551974,https://x.com/DGretta_Author/status/2050922610020471112
frozen_quarter,2026-04-01,DGretta,VG,2026-05-04T19:04:17+00:00,,outside_confirmed_field,,,-0.07132130863593644,-0.006006000415836432,,-0.07687661868793305,https://x.com/DGretta_Author/status/2051377392426307938
frozen_quarter,2026-04-01,DGretta,OUST,2026-05-04T22:26:27+00:00,,outside_confirmed_field,,,0.5454087297333401,0.1928822884443937,,0.12201167017229708,https://x.com/DGretta_Author/status/2051428266754347134
frozen_quarter,2026-04-01,DGretta,NOK,2026-05-05T14:15:58+00:00,,outside_confirmed_field,,,0.25318345050073265,-0.31535579908975897,,-0.32927262636961585,https://x.com/DGretta_Author/status/2051667222964162603
frozen_quarter,2026-04-01,DGretta,CLSK,2026-05-06T21:30:58+00:00,,outside_confirmed_field,,,0.189733449923579,0.038712388218471006,,0.029267733755275804,https://x.com/DGretta_Author/status/2052139081514074125
frozen_quarter,2026-04-01,DGretta,INOD,2026-05-07T23:21:22+00:00,,outside_confirmed_field,,,0.39838184011542443,-0.037164003737273466,,-0.11246551189538778,https://x.com/DGretta_Author/status/2052529250100535609
frozen_quarter,2026-04-01,DGretta,CASY,2026-05-14T08:27:42+00:00,,outside_confirmed_field,,,0.029528122805477564,-0.039932559581285165,,-0.04542166622599075,https://x.com/DGretta_Author/status/2054841069834059834
frozen_quarter,2026-04-01,DGretta,ENS,2026-05-14T14:17:58+00:00,,outside_confirmed_field,,,-0.03419467073970761,-0.19806197605000941,,-0.24209425894336467,https://x.com/DGretta_Author/status/2054929213975601249
frozen_quarter,2026-04-01,DGretta,INBX,2026-05-15T20:16:25+00:00,,outside_confirmed_field,,,-0.13926728036100855,-0.09462443701262013,,-0.14981528821984424,https://x.com/DGretta_Author/status/2055381812843610599
frozen_quarter,2026-04-01,gsmferrari,FIG,2026-05-18T23:21:27+00:00,,outside_confirmed_field,,,-0.269105720999094,0.07113821027898082,,-0.06581471534815564,https://x.com/gsmferrari/status/2056515539204255989
frozen_quarter,2026-04-01,DGretta,TOST,2026-05-21T16:10:06+00:00,,outside_confirmed_field,,,0.05295135698246867,0.5169270561697594,,0.5178482982354072,https://x.com/DGretta_Author/status/2057494151235567942
frozen_quarter,2026-04-01,Tradex,RKLB,2026-05-24T18:25:07+00:00,,outside_confirmed_field,,,-0.32997566160473046,-0.46578383197091777,,-0.3987808193880257,https://x.com/TradexWhisperer/status/2058615291802972236
frozen_quarter,2026-04-01,DGretta,NUAI,2026-05-25T10:54:48+00:00,,outside_confirmed_field,,,0.3402174107969824,0.17391308854793652,,0.24091610113082862,https://x.com/DGretta_Author/status/2058864355639197964
frozen_quarter,2026-04-01,gsmferrari,PATH,2026-05-25T13:24:50+00:00,,outside_confirmed_field,,,-0.07299271787868722,0.43978099252261904,,0.5067840051055111,https://x.com/gsmferrari/status/2058902111014793563
frozen_quarter,2026-04-01,gsmferrari,META,2026-05-26T12:56:19+00:00,,outside_confirmed_field,,,-0.07668051917120733,-0.1032370113473724,,-0.0362339987644803,https://x.com/gsmferrari/status/2059257324502389041
frozen_quarter,2026-04-01,gsmferrari,OPEN,2026-05-27T19:44:53+00:00,,outside_confirmed_field,,,-0.0811965067397572,-0.2457264741732046,,-0.16727804250911948,https://x.com/gsmferrari/status/2059722527769817374
frozen_quarter,2026-04-01,Feroce,BB,2026-05-28T15:45:26+00:00,,outside_confirmed_field,,,0.25412534952320476,-0.1584158452198151,,-0.03652976953448517,https://x.com/FeroceResearch/status/2060024656107561169
frozen_quarter,2026-04-01,Tradex,CRWD,2026-05-29T16:50:19+00:00,,outside_confirmed_field,,,0.009649196952331573,0.007760185362528427,,0.09577265162059045,https://x.com/TradexWhisperer/status/2060403373686608168
frozen_quarter,2026-04-01,Tradex,NOW,2026-05-29T16:50:19+00:00,,outside_confirmed_field,,,-0.2636812397819107,-0.0645945643108432,,0.023417901947218822,https://x.com/TradexWhisperer/status/2060403373686608168
frozen_quarter,2026-04-01,gsmferrari,PLTR,2026-05-30T17:04:26+00:00,,outside_confirmed_field,,,-0.2767845978362812,0.07969746431119074,,0.16770993056925276,https://x.com/gsmferrari/status/2060769314945343539
frozen_quarter,2026-04-01,gsmferrari,ENVX,2026-06-01T08:49:02+00:00,,outside_confirmed_field,,,-0.22784812265893328,-0.5721518894128934,,-0.4841394231548314,https://x.com/gsmferrari/status/2061369417527644385
frozen_quarter,2026-04-01,gsmferrari,SES,2026-06-01T12:08:56+00:00,,outside_confirmed_field,,,-0.25312500640284286,-0.574218727444531,,-0.4862062611864689,https://x.com/gsmferrari/status/2061419726258020778
frozen_quarter,2026-04-01,gsmferrari,NVAX,2026-06-01T13:14:55+00:00,,outside_confirmed_field,,,-0.1357340976347644,-0.12834721635409685,,-0.04033475009603482,https://x.com/gsmferrari/status/2061436331465564253
frozen_quarter,2026-04-01,gsmferrari,RR,2026-06-01T21:23:00+00:00,,outside_confirmed_field,,,-0.3193548516105791,-0.4032257804017153,,-0.28399553870490934,https://x.com/gsmferrari/status/2061559159342944709
frozen_quarter,2026-04-01,Feroce,MRVL,2026-06-02T00:23:16+00:00,,outside_confirmed_field,,,0.17529395864305997,-0.03294407749677841,,0.08628616420002755,https://x.com/FeroceResearch/status/2061604527606759702
frozen_quarter,2026-04-01,DGretta,ASPI,2026-06-02T08:01:59+00:00,,outside_confirmed_field,,,-0.2225000262260437,-0.5068750083446503,,-0.3876447666478443,https://x.com/DGretta_Author/status/2061719964952711368
frozen_quarter,2026-04-01,Tradex,HPE,2026-06-02T18:12:05+00:00,,outside_confirmed_field,,,-0.18881505139561738,0.004245100423418746,,0.1515650498884784,https://x.com/TradexWhisperer/status/2061873501729161282
frozen_quarter,2026-04-01,DGretta,CSIQ,2026-06-02T23:54:26+00:00,,outside_confirmed_field,,,-0.2290640292262196,-0.31133004592858093,,-0.16401009646352127,https://x.com/DGretta_Author/status/2061959659456524610
frozen_quarter,2026-04-01,gsmferrari,NU,2026-06-03T07:42:10+00:00,,outside_confirmed_field,,,0.14935629028046216,0.27725327052998927,,0.42457321999504893,https://x.com/gsmferrari/status/2062077366017417591
frozen_quarter,2026-04-01,gsmferrari,ASTS,2026-06-10T16:42:21+00:00,,outside_confirmed_field,,,-0.16176976481543437,-0.28764147131916395,,-0.22361785198110018,https://x.com/gsmferrari/status/2064750022307045666
frozen_quarter,2026-04-01,Tradex,ORCL,2026-06-10T22:43:23+00:00,,outside_confirmed_field,,,-0.21723158667033893,-0.11626871265399241,,-0.05224509331592864,https://x.com/TradexWhisperer/status/2064840879723143526
frozen_quarter,2026-04-01,Tradex,ARM,2026-06-15T02:48:29+00:00,,outside_confirmed_field,,,-0.27997435741937415,-0.3233546453615157,,-0.17782214912247973,https://x.com/TradexWhisperer/status/2066352114021155290
frozen_quarter,2026-04-01,Serenity,SPCX,2026-06-15T03:21:12+00:00,,outside_confirmed_field,,,-0.207639469672247,-0.140852461090489,,0.004680035148546979,https://x.com/aleabitoreddit/status/2066360345774764496
frozen_quarter,2026-04-01,Tradex,MRVL,2026-06-18T18:56:45+00:00,,outside_confirmed_field,,,-0.37796358106657957,,,,https://x.com/TradexWhisperer/status/2067682947852021863
frozen_quarter,2026-04-01,Serenity,AOSL,2026-06-26T00:34:45+00:00,optics,positive,7,7,-0.27853130045764773,,,,https://x.com/aleabitoreddit/status/2070304723262210194
frozen_quarter,2026-04-01,Serenity,POWI,2026-06-26T00:34:45+00:00,optics,positive,7,7,-0.22144525308182694,,,,https://x.com/aleabitoreddit/status/2070304723262210194
frozen_quarter,2026-04-01,gsmferrari,CELH,2026-06-29T09:58:37+00:00,,outside_confirmed_field,,,-0.03647919263232313,,,,https://x.com/gsmferrari/status/2071533789025542249
frozen_quarter,2026-07-01,DGretta,MU,2026-07-01T02:08:31+00:00,memory,outside_confirmed_field,,,-0.31701186372566426,,,,https://x.com/DGretta_Author/status/2072140260192977371
frozen_quarter,2026-07-01,Feroce,PANW,2026-07-01T16:38:00+00:00,,outside_confirmed_field,,,-0.07343024915555496,,,,https://x.com/FeroceResearch/status/2072359072280494485
frozen_quarter,2026-07-01,Serenity,CCXI,2026-07-02T10:34:42+00:00,,outside_confirmed_field,,,-0.19308359122848306,,,,https://x.com/aleabitoreddit/status/2072630036600103340
frozen_quarter,2026-07-01,DGretta,AMZN,2026-07-03T01:32:41+00:00,,outside_confirmed_field,,,0.11394578823942925,,,,https://x.com/DGretta_Author/status/2072856018560684096
frozen_quarter,2026-07-01,Serenity,AEVA,2026-07-07T19:49:55+00:00,optics,outside_confirmed_field,,,-0.027605898019398722,,,,https://x.com/aleabitoreddit/status/2074581698604593367
frozen_quarter,2026-07-01,Serenity,OUST,2026-07-07T19:49:55+00:00,,outside_confirmed_field,,,0.11932611777810398,,,,https://x.com/aleabitoreddit/status/2074581698604593367
frozen_quarter,2026-07-01,Feroce,PENG,2026-07-09T15:35:31+00:00,,outside_confirmed_field,,,-0.28676470232641404,,,,https://x.com/FeroceResearch/status/2075242452055703623
frozen_quarter,2026-07-01,Feroce,DELL,2026-07-09T16:18:44+00:00,,outside_confirmed_field,,,-0.025517115692957226,,,,https://x.com/FeroceResearch/status/2075253328158523490
frozen_quarter,2026-07-01,gsmferrari,SPCX,2026-07-10T08:28:35+00:00,,outside_confirmed_field,,,-0.23453011102844623,,,,https://x.com/gsmferrari/status/2075497399414296780
frozen_quarter,2026-07-01,gsmferrari,NFLX,2026-07-13T07:31:12+00:00,,outside_confirmed_field,,,0.0032476029609482815,,,,https://x.com/gsmferrari/status/2076570120994922625
frozen_quarter,2026-07-01,gsmferrari,GLXY,2026-07-14T11:11:17+00:00,,outside_confirmed_field,,,-0.1825795165925359,,,,https://x.com/gsmferrari/status/2076987893667520874
frozen_quarter,2026-07-01,gsmferrari,MARA,2026-07-14T12:45:18+00:00,,outside_confirmed_field,,,-0.2460567673871069,,,,https://x.com/gsmferrari/status/2077011553547682105
frozen_quarter,2026-07-01,gsmferrari,MRVL,2026-07-21T16:15:00+00:00,,outside_confirmed_field,,,0.07382553593890595,,,,https://x.com/gsmferrari/status/2079601041876648411
frozen_quarter,2026-07-01,gsmferrari,SNDK,2026-07-21T16:15:00+00:00,,outside_confirmed_field,,,0.06538665091538332,,,,https://x.com/gsmferrari/status/2079601041876648411
frozen_quarter,2026-07-01,gsmferrari,TSLA,2026-07-24T07:31:03+00:00,,outside_confirmed_field,,,0.07611001362310321,,,,https://x.com/gsmferrari/status/2080556351726526593
frozen_quarter,2026-07-01,gsmferrari,RKLB,2026-07-24T12:49:23+00:00,,outside_confirmed_field,,,0.052669462276333734,,,,https://x.com/gsmferrari/status/2080636459686490520
frozen_quarter,2026-07-01,gsmferrari,INTU,2026-07-24T21:17:34+00:00,,outside_confirmed_field,,,0.20343654998449412,,,,https://x.com/gsmferrari/status/2080764350021669094
frozen_quarter,2026-07-01,gsmferrari,NOC,2026-07-25T23:16:24+00:00,,outside_confirmed_field,,,0.015835902250584066,,,,https://x.com/gsmferrari/status/2081156644755402981
frozen_quarter,2026-07-01,gsmferrari,GILT,2026-07-26T11:57:34+00:00,,outside_confirmed_field,,,-0.04458596736333775,,,,https://x.com/gsmferrari/status/2081348197549576556
frozen_quarter,2026-07-01,gsmferrari,UI,2026-07-26T12:13:57+00:00,,outside_confirmed_field,,,0.04312449330992574,,,,https://x.com/gsmferrari/status/2081352322035179650
frozen_quarter,2026-07-01,gsmferrari,FISV,2026-07-27T13:58:31+00:00,,outside_confirmed_field,,,0.0076103063304884255,,,,https://x.com/gsmferrari/status/2081741023080792368
frozen_quarter,2026-07-01,gsmferrari,HUBS,2026-07-28T09:14:48+00:00,,outside_confirmed_field,,,0.07507046239130322,,,,https://x.com/gsmferrari/status/2082032013620498829
frozen_quarter,2026-07-01,gsmferrari,DUOL,2026-07-29T12:28:34+00:00,,outside_confirmed_field,,,0.04853528551179709,,,,https://x.com/gsmferrari/status/2082443162937589908
frozen_quarter,2026-07-01,DGretta,BRKB,2026-07-29T16:56:30+00:00,,outside_confirmed_field,,,-0.0021147225206247233,,,,https://x.com/DGretta_Author/status/2082510588425425157
frozen_quarter,2026-07-01,Tradex,KXIAY,2026-08-03T18:09:37+00:00,,outside_confirmed_field,,,-0.08685518304597839,,,,https://x.com/TradexWhisperer/status/2084340927737504218
frozen_quarter,2026-07-01,Zephyr,BABA,2026-08-04T15:20:40+00:00,,outside_confirmed_field,,,-0.13624183891249497,,,,https://x.com/zephyr_z9/status/2084660800787214601
frozen_quarter,2026-07-01,gsmferrari,OWL,2026-08-07T12:13:43+00:00,,outside_confirmed_field,,,0.029565230659816644,,,,https://x.com/gsmferrari/status/2085700914770231662
frozen_quarter,2026-07-01,gsmferrari,TEM,2026-08-07T13:10:40+00:00,,outside_confirmed_field,,,0.35968884969330817,,,,https://x.com/gsmferrari/status/2085715246337995020
frozen_quarter,2026-07-01,gsmferrari,GRRR,2026-08-07T13:51:30+00:00,,outside_confirmed_field,,,0.05267172215959026,,,,https://x.com/gsmferrari/status/2085725522089156764
frozen_quarter,2026-07-01,gsmferrari,CLSK,2026-08-07T15:46:47+00:00,,outside_confirmed_field,,,0.0325467550668701,,,,https://x.com/gsmferrari/status/2085754537801920812
frozen_quarter,2026-07-01,gsmferrari,CBRS,2026-08-07T16:00:36+00:00,,outside_confirmed_field,,,-0.0769061734357327,,,,https://x.com/gsmferrari/status/2085758015081234719
frozen_quarter,2026-07-01,gsmferrari,CRDO,2026-08-07T16:11:44+00:00,,outside_confirmed_field,,,-0.33054667836712803,,,,https://x.com/gsmferrari/status/2085760814498095211
frozen_quarter,2026-07-01,gsmferrari,HIVE,2026-08-10T14:07:51+00:00,,outside_confirmed_field,,,0.16666668138386265,,,,https://x.com/gsmferrari/status/2086816803045396566
frozen_quarter,2026-07-01,gsmferrari,BTDR,2026-08-10T21:44:22+00:00,,outside_confirmed_field,,,0.37717394988793806,,,,https://x.com/gsmferrari/status/2086931688098005185
frozen_quarter,2026-07-01,gsmferrari,HL,2026-08-11T13:34:45+00:00,,outside_confirmed_field,,,0.1430921405209844,,,,https://x.com/gsmferrari/status/2087170858536022115
frozen_quarter,2026-07-01,gsmferrari,ACHR,2026-08-11T14:49:31+00:00,,outside_confirmed_field,,,-0.1974318009115501,,,,https://x.com/gsmferrari/status/2087189675966431660
frozen_quarter,2026-07-01,gsmferrari,DGXX,2026-08-12T13:43:39+00:00,,outside_confirmed_field,,,,,,,https://x.com/gsmferrari/status/2087535487649026344
frozen_quarter,2026-07-01,gsmferrari,EOSE,2026-08-13T01:55:01+00:00,,outside_confirmed_field,,,,,,,https://x.com/gsmferrari/status/2087719543011508392
frozen_quarter,2026-07-01,gsmferrari,WING,2026-08-15T11:10:05+00:00,,outside_confirmed_field,,,,,,,https://x.com/gsmferrari/status/2088584006023406025
frozen_quarter,2026-07-01,gsmferrari,NIO,2026-08-19T21:17:49+00:00,,outside_confirmed_field,,,,,,,https://x.com/gsmferrari/status/2090186497639043538
frozen_quarter,2026-07-01,gsmferrari,EOS,2026-08-20T07:49:45+00:00,,outside_confirmed_field,,,,,,,https://x.com/gsmferrari/status/2090345528244511162
frozen_quarter,2026-07-01,DGretta,AEHR,2026-08-22T10:45:08+00:00,,outside_confirmed_field,,,,,,,https://x.com/DGretta_Author/status/2091114441559408726
frozen_quarter,2026-07-01,Tradex,NFLX,2026-08-25T17:28:09+00:00,,outside_confirmed_field,,,,,,,https://x.com/TradexWhisperer/status/2092303026937811003
frozen_quarter,2026-07-01,gsmferrari,WMT,2026-08-28T16:47:24+00:00,,outside_confirmed_field,,,,,,,https://x.com/gsmferrari/status/2093379934186090644
frozen_quarter,2026-07-01,gsmferrari,YSS,2026-08-30T23:03:56+00:00,,outside_confirmed_field,,,,,,,https://x.com/gsmferrari/status/2094199469512229153
frozen_quarter,2026-07-01,gsmferrari,APP,2026-08-31T20:58:34+00:00,,outside_confirmed_field,,,,,,,https://x.com/gsmferrari/status/2094530307865055722
frozen_quarter,2026-07-01,gsmferrari,WULF,2026-09-01T15:51:45+00:00,,outside_confirmed_field,,,,,,,https://x.com/gsmferrari/status/2094815483794985261
frozen_quarter,2026-07-01,Tradex,ZETA,2026-09-02T05:47:24+00:00,,outside_confirmed_field,,,,,,,https://x.com/TradexWhisperer/status/2095025781206622616
frozen_quarter,2026-07-01,gsmferrari,WYFI,2026-09-02T15:15:26+00:00,,outside_confirmed_field,,,,,,,https://x.com/gsmferrari/status/2095168730368016462
frozen_quarter,2026-07-01,Feroce,SOFI,2026-09-02T18:03:14+00:00,,outside_confirmed_field,,,,,,,https://x.com/FeroceResearch/status/2095210958922604919
frozen_quarter,2026-07-01,Tradex,MRNA,2026-09-02T18:35:04+00:00,,outside_confirmed_field,,,,,,,https://x.com/TradexWhisperer/status/2095218972476272867
frozen_quarter,2026-07-01,Tradex,SPCX,2026-09-02T18:59:08+00:00,,outside_confirmed_field,,,,,,,https://x.com/TradexWhisperer/status/2095225028614983795
frozen_quarter,2026-07-01,gsmferrari,CRCL,2026-09-02T20:12:08+00:00,,outside_confirmed_field,,,,,,,https://x.com/gsmferrari/status/2095243398097596663
frozen_quarter,2026-07-01,gsmferrari,FLNC,2026-09-02T20:58:16+00:00,,outside_confirmed_field,,,,,,,https://x.com/gsmferrari/status/2095255005867479330
frozen_quarter,2026-07-01,Tradex,DELL,2026-09-04T19:56:54+00:00,,outside_confirmed_field,,,,,,,https://x.com/TradexWhisperer/status/2095964342147842524
frozen_quarter,2026-07-01,gsmferrari,ZTS,2026-09-07T10:06:54+00:00,,outside_confirmed_field,,,,,,,https://x.com/gsmferrari/status/2096903027181469709
frozen_quarter,2026-07-01,gsmferrari,LULU,2026-09-07T12:13:28+00:00,,outside_confirmed_field,,,,,,,https://x.com/gsmferrari/status/2096934878918881452
frozen_quarter,2026-07-01,gsmferrari,NNE,2026-09-08T14:01:07+00:00,,outside_confirmed_field,,,,,,,https://x.com/gsmferrari/status/2097324356690981197
frozen_quarter,2026-07-01,gsmferrari,TE,2026-09-08T14:11:29+00:00,,outside_confirmed_field,,,,,,,https://x.com/gsmferrari/status/2097326964562428228
frozen_quarter,2026-07-01,gsmferrari,SEDG,2026-09-08T16:39:48+00:00,,outside_confirmed_field,,,,,,,https://x.com/gsmferrari/status/2097364290722214386
rolling_at_post,2025-10-01,Serenity,AAPL,2025-10-01T00:49:43+00:00,,outside_confirmed_field,,,0.05473653968538672,0.07359631730935079,-0.01333121857743258,-0.06286522066417688,https://x.com/aleabitoreddit/status/1973188544186425368
rolling_at_post,2025-10-01,Serenity,SPY,2025-10-01T06:43:15+00:00,,outside_confirmed_field,,,0.0360239686114896,0.041030237607033726,-0.015063996398836377,-0.09543130036649394,https://x.com/aleabitoreddit/status/1973277513452494873
rolling_at_post,2025-10-01,Serenity,AVGO,2025-10-01T18:40:45+00:00,,outside_confirmed_field,,,0.11038240341674688,0.013003134897516144,-0.0828514398510195,-0.07417273915194,https://x.com/aleabitoreddit/status/1973458076994007226
rolling_at_post,2025-10-01,Serenity,KSPI,2025-10-02T19:10:25+00:00,,outside_confirmed_field,,,-0.08919662174689524,-0.01347307611919668,-0.07485029598166204,-0.09253296002837164,https://x.com/aleabitoreddit/status/1973827931681312801
rolling_at_post,2025-10-01,Tradex,JOBY,2025-10-03T04:13:27+00:00,,outside_confirmed_field,,,-0.07645093936387581,-0.2444196482027443,-0.5273437371111609,-0.32347953211191927,https://x.com/TradexWhisperer/status/1973964591228133424
rolling_at_post,2025-10-01,Serenity,DELL,2025-10-04T01:22:20+00:00,,outside_confirmed_field,,,0.11331768657387031,-0.12094561288331651,0.180662400455331,-0.16881675505607496,https://x.com/aleabitoreddit/status/1974283913905517009
rolling_at_post,2025-10-01,Serenity,META,2025-10-04T01:22:20+00:00,,outside_confirmed_field,,,-0.08060242864857059,-0.05564456401611484,-0.2544988316864195,-0.10351570618887329,https://x.com/aleabitoreddit/status/1974283913905517009
rolling_at_post,2025-10-01,Serenity,RDDT,2025-10-04T01:22:20+00:00,,outside_confirmed_field,,,0.00795944945583238,0.12571151555693505,-0.41225280007608045,0.0778403733841766,https://x.com/aleabitoreddit/status/1974283913905517009
rolling_at_post,2025-10-01,Serenity,AMD,2025-10-06T11:06:14+00:00,,outside_confirmed_field,,,0.13102229440845048,-0.04906160635935397,-0.1080149780733658,-0.09693274853211242,https://x.com/aleabitoreddit/status/1975155632811507945
rolling_at_post,2025-10-01,Austin,AMD,2025-10-07T11:16:52+00:00,semis,unknown,0,0,0.20851750765780253,-0.003211554209003875,-0.0875495102770445,-0.03816234988628531,https://x.com/austinsemis/status/1975520696525529308
rolling_at_post,2025-10-01,Serenity,DFLI,2025-10-08T15:51:03+00:00,,outside_confirmed_field,,,-0.16793898464700874,-0.683969485043548,-0.8679389336873139,-0.7766588221018684,https://x.com/aleabitoreddit/status/1975952087143039039
rolling_at_post,2025-10-01,Serenity,FLY,2025-10-08T15:51:03+00:00,,outside_confirmed_field,,,-0.3012422525810513,-0.19968944573990144,-0.07577641230573917,-0.2923787827982218,https://x.com/aleabitoreddit/status/1975952087143039039
rolling_at_post,2025-10-01,Serenity,FLNC,2025-10-08T21:12:57+00:00,,outside_confirmed_field,,,0.4289654698865166,0.5344827586206897,-0.10206893394733296,0.44179342156236934,https://x.com/aleabitoreddit/status/1976033094932234314
rolling_at_post,2025-10-01,Serenity,MU,2025-10-08T21:12:57+00:00,memory,unknown,0,0,0.23076125044103168,0.6176089128976738,0.9062548778387538,0.5249195758393534,https://x.com/aleabitoreddit/status/1976033094932234314
rolling_at_post,2025-10-01,Serenity,SEI,2025-10-08T21:12:57+00:00,,outside_confirmed_field,,,0.10568770985766718,0.09410554695659745,0.14725962712062857,0.0014162098982770654,https://x.com/aleabitoreddit/status/1976033094932234314
rolling_at_post,2025-10-01,Feroce,CLF,2025-10-09T18:51:42+00:00,,outside_confirmed_field,,,-0.2879322443005341,-0.06351443992127781,-0.4071983363935713,-0.19256332869823456,https://x.com/FeroceResearch/status/1976359936331501776
rolling_at_post,2025-10-01,Serenity,WWR,2025-10-10T03:06:48+00:00,,outside_confirmed_field,,,-0.4930875644389363,-0.5622120024523053,-0.709677431759551,-0.691260891229262,https://x.com/aleabitoreddit/status/1976484532326105414
rolling_at_post,2025-10-01,Serenity,DKNG,2025-10-10T18:04:04+00:00,,outside_confirmed_field,,,-0.0859891415313544,0.042092651729706,-0.3114852443121038,-0.10682175540984029,https://x.com/aleabitoreddit/status/1976710335433523330
rolling_at_post,2025-10-01,Serenity,RBRK,2025-10-13T15:51:02+00:00,,outside_confirmed_field,,,-0.06948012605719611,-0.12330277469180051,-0.35437310361716357,-0.27080721480765546,https://x.com/aleabitoreddit/status/1977764021815415233
rolling_at_post,2025-10-01,Serenity,GLXY,2025-10-13T19:01:51+00:00,,outside_confirmed_field,,,-0.1837206017553974,-0.34523044807241465,-0.5216330900821005,-0.4927348881882696,https://x.com/aleabitoreddit/status/1977812041969926614
rolling_at_post,2025-10-01,Serenity,BZAI,2025-10-15T07:42:21+00:00,,outside_confirmed_field,,,-0.4964788764910292,-0.6249999685186726,-0.6390845045296594,-0.7735763834681814,https://x.com/aleabitoreddit/status/1978365814941384882
rolling_at_post,2025-10-01,Serenity,GRAB,2025-10-15T07:42:21+00:00,,outside_confirmed_field,,,-0.029702942250534492,-0.19966997517692742,-0.40099007446921764,-0.3482463901264362,https://x.com/aleabitoreddit/status/1978365814941384882
rolling_at_post,2025-10-01,Serenity,NKLR,2025-10-15T07:42:21+00:00,,outside_confirmed_field,,,-0.6937355031181388,-0.6890951241305805,-0.769012636590056,-0.8376715390800893,https://x.com/aleabitoreddit/status/1978365814941384882
rolling_at_post,2025-10-01,Serenity,TE,2025-10-19T23:52:22+00:00,,outside_confirmed_field,,,-0.25991191116124557,0.7312775769950226,0.12555069965875676,0.5891970889657772,https://x.com/aleabitoreddit/status/1980059480894431249
rolling_at_post,2025-10-01,Serenity,NVO,2025-10-20T04:41:40+00:00,,outside_confirmed_field,,,-0.12903810766230928,0.06316549376715908,-0.3145641644680466,-0.07891499426208637,https://x.com/aleabitoreddit/status/1980132285346410776
rolling_at_post,2025-10-01,Feroce,UUUU,2025-10-22T18:51:24+00:00,,outside_confirmed_field,,,-0.33175152859426593,0.01466782347332285,-0.09706643530533543,-0.17953380407328368,https://x.com/FeroceResearch/status/1981070901555675556
rolling_at_post,2025-10-01,Austin,GOOG,2025-10-23T21:01:56+00:00,,outside_confirmed_field,,,0.12701136705709715,0.27625348022572327,0.31908282160345736,0.10141451547742553,https://x.com/austinsemis/status/1981466142284591198
rolling_at_post,2025-10-01,Feroce,CIFR,2025-10-25T00:50:38+00:00,,outside_confirmed_field,,,-0.32329030503166056,-0.1683405300550167,-0.07747484187979381,-0.3250602391078732,https://x.com/FeroceResearch/status/1981886083206988253
rolling_at_post,2025-10-01,Feroce,IREN,2025-10-25T00:50:38+00:00,,outside_confirmed_field,,,-0.34974611923949295,-0.1958762880546734,-0.2503461636846208,-0.35259599710752987,https://x.com/FeroceResearch/status/1981886083206988253
rolling_at_post,2025-10-01,Serenity,COIN,2025-10-25T02:02:07+00:00,,outside_confirmed_field,,,-0.3373849324486752,-0.38498430382796167,-0.4167080077982075,-0.5417040128808182,https://x.com/aleabitoreddit/status/1981904072761565532
rolling_at_post,2025-10-01,Jukan,AMD,2025-10-28T08:16:06+00:00,semis,unknown,1,1,-0.17013972796325738,0.002083730789613103,0.09782347052935281,-0.13384852111024337,https://x.com/jukan05/status/1983085352282882479
rolling_at_post,2025-10-01,Jukan,NVDA,2025-10-28T08:16:06+00:00,semis,unknown,1,1,-0.05439005353024984,-0.027868452720874015,0.03537944430502571,-0.1638007046207305,https://x.com/jukan05/status/1983085352282882479
rolling_at_post,2025-10-01,DGretta,SLNH,2025-10-29T14:25:42+00:00,,outside_confirmed_field,,,-0.4917491827081849,-0.5544554334689802,-0.5577557603857062,-0.6945476065833449,https://x.com/DGretta_Author/status/1983540753952645365
rolling_at_post,2025-10-01,Serenity,APLD,2025-11-02T04:20:21+00:00,,outside_confirmed_field,,,-0.20288218222676568,0.07572761659780314,-0.048601335133287016,-0.087706700360483,https://x.com/aleabitoreddit/status/1984837960735285593
rolling_at_post,2025-10-01,Serenity,DGXX,2025-11-02T04:20:21+00:00,,outside_confirmed_field,,,-0.3908947905576958,-0.5745682752223281,-0.47723705125093774,-0.7380025921806143,https://x.com/aleabitoreddit/status/1984837960735285593
rolling_at_post,2025-10-01,Serenity,HIVE,2025-11-02T04:20:21+00:00,,outside_confirmed_field,,,-0.41988946686003603,-0.49355431179794396,-0.5488029235475456,-0.6569886287562301,https://x.com/aleabitoreddit/status/1984837960735285593
rolling_at_post,2025-10-01,Serenity,CORZ,2025-11-04T18:04:54+00:00,,outside_confirmed_field,,,-0.25011330014010846,-0.19030353029754643,-0.11372905589439009,-0.37697293099538154,https://x.com/aleabitoreddit/status/1985770241532838347
rolling_at_post,2025-10-01,Tradex,LMND,2025-11-06T04:16:37+00:00,,outside_confirmed_field,,,-0.03030295440608144,0.04406572762174221,-0.2848484649985136,-0.08918022204526599,https://x.com/TradexWhisperer/status/1986286572703260898
rolling_at_post,2025-10-01,Tradex,CIFR,2025-11-06T04:33:58+00:00,,outside_confirmed_field,,,-0.17581045869198852,-0.3241895016706742,-0.2626766348756724,-0.4574354513376824,https://x.com/TradexWhisperer/status/1986290942958305501
rolling_at_post,2025-10-01,Serenity,MSFT,2025-11-06T17:19:34+00:00,,outside_confirmed_field,,,-0.027749287063458028,-0.16653588436002864,-0.16603281565319894,-0.29549975924130156,https://x.com/aleabitoreddit/status/1986483611202400672
rolling_at_post,2025-10-01,Tradex,LYFT,2025-11-11T03:48:26+00:00,,outside_confirmed_field,,,-0.08198101848476047,-0.30621712034497406,-0.40611169964014826,-0.47164649369677336,https://x.com/TradexWhisperer/status/1988091420927029498
rolling_at_post,2025-10-01,Feroce,OPEN,2025-11-12T21:45:40+00:00,,outside_confirmed_field,,,-0.21404682487595061,-0.4771460515492316,-0.40691192716947877,-0.6646502408328738,https://x.com/FeroceResearch/status/1988724902048985471
rolling_at_post,2025-10-01,Tradex,MSFT,2025-11-16T18:48:49+00:00,,outside_confirmed_field,,,-0.0661422048882142,-0.20967649387277632,-0.1883961180945316,-0.438396705711083,https://x.com/TradexWhisperer/status/1990129949735301545
rolling_at_post,2025-10-01,Serenity,ONDS,2025-11-18T08:49:42+00:00,,outside_confirmed_field,,,0.3143785340081722,0.5125914057290646,0.46872455787203116,0.24386423673380508,https://x.com/aleabitoreddit/status/1990703950895722627
rolling_at_post,2025-10-01,Tradex,NBIS,2025-11-20T01:55:52+00:00,,outside_confirmed_field,,,-0.2146233923542924,0.02383589197734981,1.2241777453255476,-0.21507037659107575,https://x.com/TradexWhisperer/status/1991324584583598230
rolling_at_post,2025-10-01,Serenity,VRT,2025-11-20T13:58:15+00:00,,outside_confirmed_field,,,-0.1273456873868064,0.37468917720437633,1.12655445896544,0.13578290863595077,https://x.com/aleabitoreddit/status/1991506376342843438
rolling_at_post,2025-10-01,Feroce,SNDK,2025-11-24T16:14:53+00:00,memory,unknown,1,1,0.07224168319145474,1.9180823469568136,5.056436409930185,1.638974165661652,https://x.com/FeroceResearch/status/1992990312793313655
rolling_at_post,2025-10-01,Serenity,CLS,2025-11-25T11:38:18+00:00,,outside_confirmed_field,,,-0.062150432407013234,-0.08310416305517954,0.04808850389833119,-0.362212344350341,https://x.com/aleabitoreddit/status/1993283099162189962
rolling_at_post,2025-10-01,Serenity,EOSE,2025-11-25T11:38:18+00:00,,outside_confirmed_field,,,-0.09256450977089237,-0.2124431051519251,-0.47799696850241014,-0.49155128644708657,https://x.com/aleabitoreddit/status/1993283099162189962
rolling_at_post,2025-10-01,Serenity,GOOGL,2025-11-25T11:38:18+00:00,,outside_confirmed_field,,,-0.036356904025717784,-0.04512431135246264,0.18837562863396662,-0.3242324926476241,https://x.com/aleabitoreddit/status/1993283099162189962
rolling_at_post,2025-10-01,Serenity,NVDA,2025-11-25T11:38:18+00:00,,outside_confirmed_field,,,0.08175634756364492,0.09513463519098386,0.2612772053708563,-0.1839735461041776,https://x.com/aleabitoreddit/status/1993283099162189962
rolling_at_post,2025-10-01,Serenity,SNDK,2025-11-25T11:38:18+00:00,memory,unknown,0,0,0.07224168319145474,1.9180823469568136,5.056436409930185,1.638974165661652,https://x.com/aleabitoreddit/status/1993283099162189962
rolling_at_post,2025-10-01,Serenity,STX,2025-11-25T11:38:18+00:00,memory,unknown,0,0,0.12588580316586784,0.6219444453219216,1.919619384385176,0.34283626402676015,https://x.com/aleabitoreddit/status/1993283099162189962
rolling_at_post,2025-10-01,Serenity,VST,2025-11-25T11:38:18+00:00,,outside_confirmed_field,,,-0.07128908278708157,-0.036075360255290234,-0.22616035560130698,-0.3151835415504517,https://x.com/aleabitoreddit/status/1993283099162189962
rolling_at_post,2025-10-01,Tradex,OSCR,2025-11-27T04:52:36+00:00,,outside_confirmed_field,,,-0.18076927349512817,-0.2884615787689888,0.21648343195303488,-0.5433635395533025,https://x.com/TradexWhisperer/status/1993905773890687333
rolling_at_post,2025-10-01,Serenity,LITE,2025-12-01T17:21:19+00:00,optics,positive,2,2,0.1571170088168763,1.1850176937832444,1.8393603124403324,1.0124765247645218,https://x.com/aleabitoreddit/status/1995543748353347989
rolling_at_post,2025-10-01,Serenity,PL,2025-12-02T14:41:48+00:00,,outside_confirmed_field,,,0.6669483888869452,1.2282333711202265,3.2671174867110357,1.0720757757410186,https://x.com/aleabitoreddit/status/1995865990341496999
rolling_at_post,2025-10-01,Serenity,TTD,2025-12-04T14:06:54+00:00,,outside_confirmed_field,,,-0.03335041694015284,-0.3586454516780705,-0.45741406190594136,-0.44615845441289526,https://x.com/aleabitoreddit/status/1996581986472022087
rolling_at_post,2025-10-01,Serenity,XYZ,2025-12-05T01:24:10+00:00,,outside_confirmed_field,,,0.11736857368116604,0.0649689789631831,0.23604314879791888,-0.03926646243467791,https://x.com/aleabitoreddit/status/1996752424934297872
rolling_at_post,2025-10-01,Serenity,AMKR,2025-12-05T05:14:28+00:00,,outside_confirmed_field,,,0.0963553392986276,0.04259678512271603,0.5845101398820762,-0.061638656275144976,https://x.com/aleabitoreddit/status/1996810382875177099
rolling_at_post,2025-10-01,Serenity,COHR,2025-12-05T05:14:28+00:00,optics,positive,2,2,0.0019354871524277506,0.47774185672883074,0.9433871033371135,0.37350641533096973,https://x.com/aleabitoreddit/status/1996810382875177099
rolling_at_post,2025-10-01,Serenity,MPWR,2025-12-05T05:14:28+00:00,,outside_confirmed_field,,,-0.009561805240471899,0.1397666782797511,0.6242778957091004,0.03553123688189008,https://x.com/aleabitoreddit/status/1996810382875177099
rolling_at_post,2025-10-01,Tradex,META,2025-12-07T21:01:58+00:00,,outside_confirmed_field,,,-0.013027805582235374,-0.013102487793014816,-0.1028924812339288,-0.09590958456581977,https://x.com/TradexWhisperer/status/1997773601723093233
rolling_at_post,2025-10-01,Zephyr,ACMR,2025-12-08T07:15:56+00:00,,outside_confirmed_field,,,0.3229901415096623,0.36276446639165694,1.314527539800097,0.279957369618852,https://x.com/zephyr_z9/status/1997928112601071865
rolling_at_post,2025-10-01,Serenity,KRKNF,2025-12-10T20:06:31+00:00,,outside_confirmed_field,,,0.23747268834755464,0.647058756309002,0.28736377417325376,0.5639065479309118,https://x.com/aleabitoreddit/status/1998846813177262295
rolling_at_post,2025-10-01,Serenity,KRUS,2025-12-10T20:06:31+00:00,,outside_confirmed_field,,,0.28659103061597824,0.10191555691990128,-0.14878184734783473,0.018763348541811053,https://x.com/aleabitoreddit/status/1998846813177262295
rolling_at_post,2025-10-01,Serenity,NFLX,2025-12-10T20:06:31+00:00,,outside_confirmed_field,,,-0.04728437027961685,0.03237487610359113,-0.13141644054057067,-0.0507773322744991,https://x.com/aleabitoreddit/status/1998846813177262295
rolling_at_post,2025-10-01,Serenity,OSS,2025-12-10T20:06:31+00:00,,outside_confirmed_field,,,0.05490190774129844,0.23267976308735672,1.4705881546296244,0.14952755470926649,https://x.com/aleabitoreddit/status/1998846813177262295
rolling_at_post,2025-10-01,Serenity,AAOI,2025-12-11T22:10:45+00:00,optics,positive,2,2,-0.047323046062940355,2.588359951790073,4.00070624977704,2.4876842446669283,https://x.com/aleabitoreddit/status/1999240464420250042
rolling_at_post,2025-10-01,Feroce,META,2025-12-17T18:25:25+00:00,,outside_confirmed_field,,,-0.055979221126674195,-0.05231124091713901,-0.13484929557315617,-0.20289286744047674,https://x.com/FeroceResearch/status/2001358085206499761
rolling_at_post,2025-10-01,Austin,RIVN,2025-12-18T20:54:48+00:00,,outside_confirmed_field,,,-0.20433282755567583,-0.23535203636941104,-0.17479071050757544,-0.3833820127140688,https://x.com/austinsemis/status/2001758066157768934
rolling_at_post,2025-10-01,Zephyr,LITE,2025-12-20T10:31:34+00:00,,outside_confirmed_field,,,-0.05281586770531976,1.0178492544068654,1.5016072272389227,0.9087304853856137,https://x.com/zephyr_z9/status/2002326000982487266
rolling_at_post,2025-10-01,Serenity,AXTI,2025-12-26T15:16:26+00:00,optics,positive,2,2,0.20786524153074915,3.729634800326446,5.491573309495047,3.5915855352149277,https://x.com/aleabitoreddit/status/2004572018327572855
rolling_at_post,2025-10-01,Serenity,SMTOY,2025-12-27T15:24:07+00:00,,outside_confirmed_field,,,0.10233489613382396,0.5931446116167107,1.2138599346574357,0.4550953465051928,https://x.com/aleabitoreddit/status/2004936335702753729
rolling_at_post,2025-10-01,Zephyr,AXTI,2025-12-28T23:41:31+00:00,,outside_confirmed_field,,,0.20786524153074915,3.729634800326446,5.491573309495047,3.5915855352149277,https://x.com/zephyr_z9/status/2005423901468495989
rolling_at_post,2025-10-01,Tradex,HUBS,2025-12-31T04:55:57+00:00,,outside_confirmed_field,,,-0.30049445194571456,-0.42656597364737714,-0.550947908715234,-0.48493528225512306,https://x.com/TradexWhisperer/status/2006227805525401904
rolling_at_post,2026-01-01,Serenity,PATH,2026-01-01T12:50:48+00:00,,outside_confirmed_field,,,-0.23696968772194604,-0.34121212814793445,-0.3981817996863163,-0.345198422534959,https://x.com/aleabitoreddit/status/2006709693012467774
rolling_at_post,2026-01-01,Serenity,POET,2026-01-01T12:50:48+00:00,optics,positive,2,2,-0.1291290805376547,-0.23723723121705453,0.5210210730525999,-0.24122352560407911,https://x.com/aleabitoreddit/status/2006709693012467774
rolling_at_post,2026-01-01,Serenity,AIRO,2026-01-02T12:46:56+00:00,,outside_confirmed_field,,,0.24125452463246444,0.033775601237590935,-0.1893848225435265,0.029789306850566355,https://x.com/aleabitoreddit/status/2007071108831338685
rolling_at_post,2026-01-01,Serenity,BULL,2026-01-02T12:46:56+00:00,,outside_confirmed_field,,,-0.10786800663553997,-0.4124365422335512,-0.17385785097241502,-0.4164228366205758,https://x.com/aleabitoreddit/status/2007071108831338685
rolling_at_post,2026-01-01,Serenity,FISV,2026-01-02T12:46:56+00:00,,outside_confirmed_field,,,-0.0562712765548804,-0.19250703739069952,-0.2961646729087686,-0.1964933317777241,https://x.com/aleabitoreddit/status/2007071108831338685
rolling_at_post,2026-01-01,Serenity,GEMI,2026-01-02T12:46:56+00:00,,outside_confirmed_field,,,-0.17425744182256409,-0.6000000188846393,-0.6128712932521974,-0.6039863132716639,https://x.com/aleabitoreddit/status/2007071108831338685
rolling_at_post,2026-01-01,Serenity,INTC,2026-01-02T12:46:56+00:00,,outside_confirmed_field,,,0.23034155831340897,0.09054800443462341,2.5178711545362424,0.08656171004759883,https://x.com/aleabitoreddit/status/2007071108831338685
rolling_at_post,2026-01-01,Serenity,DPZ,2026-01-03T09:25:50+00:00,,outside_confirmed_field,,,-0.016298073988694428,-0.13752401792086089,-0.28322117145244896,-0.16234469503994842,https://x.com/aleabitoreddit/status/2007382889911201983
rolling_at_post,2026-01-01,Serenity,AVAV,2026-01-03T09:43:52+00:00,,outside_confirmed_field,,,0.005287198389364534,-0.31842723290103225,-0.4863536761880175,-0.3432479100201198,https://x.com/aleabitoreddit/status/2007387427820978510
rolling_at_post,2026-01-01,Serenity,BA,2026-01-03T09:43:52+00:00,,outside_confirmed_field,,,0.018488618866463913,-0.13007559500042054,-0.05043923958553764,-0.15489627211950807,https://x.com/aleabitoreddit/status/2007387427820978510
rolling_at_post,2026-01-01,Serenity,CF,2026-01-03T09:43:52+00:00,,outside_confirmed_field,,,0.11256961409152466,0.6079256512432276,0.3089782903807081,0.5831049741241401,https://x.com/aleabitoreddit/status/2007387427820978510
rolling_at_post,2026-01-01,Serenity,CVE,2026-01-03T09:43:52+00:00,,outside_confirmed_field,,,0.15011814401451562,0.5679669365850546,0.46631201856215454,0.5431462594659671,https://x.com/aleabitoreddit/status/2007387427820978510
rolling_at_post,2026-01-01,Serenity,HII,2026-01-03T09:43:52+00:00,,outside_confirmed_field,,,0.17356332887166936,0.060758302222685856,-0.21262640671083344,0.035937625103598325,https://x.com/aleabitoreddit/status/2007387427820978510
rolling_at_post,2026-01-01,Serenity,HON,2026-01-03T09:43:52+00:00,,outside_confirmed_field,,,0.1622063686357873,0.15439227394391009,0.1859550936253529,0.12957159682482255,https://x.com/aleabitoreddit/status/2007387427820978510
rolling_at_post,2026-01-01,Serenity,LDOS,2026-01-03T09:43:52+00:00,,outside_confirmed_field,,,0.015170315949945001,-0.1603951419335966,-0.4506289235901477,-0.18521581905268414,https://x.com/aleabitoreddit/status/2007387427820978510
rolling_at_post,2026-01-01,Serenity,LHX,2026-01-03T09:43:52+00:00,,outside_confirmed_field,,,0.10686741279969048,0.12284061761483378,-0.052506632874515624,0.09801994049574625,https://x.com/aleabitoreddit/status/2007387427820978510
rolling_at_post,2026-01-01,Serenity,RTX,2026-01-03T09:43:52+00:00,,outside_confirmed_field,,,0.07362516316842838,0.029898509094946846,0.0036839424995394054,0.005077831975859315,https://x.com/aleabitoreddit/status/2007387427820978510
rolling_at_post,2026-01-01,Serenity,VLO,2026-01-03T09:43:52+00:00,,outside_confirmed_field,,,0.002949517347075048,0.3750347736325683,0.44343030548827267,0.3502140965134808,https://x.com/aleabitoreddit/status/2007387427820978510
rolling_at_post,2026-01-01,Serenity,AMTB,2026-01-03T15:23:20+00:00,,outside_confirmed_field,,,0.10611411707785345,0.11369377948005233,0.284487059136479,0.0888731023609648,https://x.com/aleabitoreddit/status/2007472856574373893
rolling_at_post,2026-01-01,Serenity,ENR,2026-01-03T15:23:20+00:00,,outside_confirmed_field,,,0.12945307998997047,-0.17611641621351581,0.1359758676857057,-0.20093709333260334,https://x.com/aleabitoreddit/status/2007472856574373893
rolling_at_post,2026-01-01,Serenity,GHM,2026-01-03T15:23:20+00:00,,outside_confirmed_field,,,0.0776470408720129,0.16058820836684284,0.7891177009133732,0.1357675312477553,https://x.com/aleabitoreddit/status/2007472856574373893
rolling_at_post,2026-01-01,Serenity,SU,2026-01-03T15:23:20+00:00,,outside_confirmed_field,,,0.17939525303018522,0.4806270627344671,0.20716684622370618,0.45580638561537956,https://x.com/aleabitoreddit/status/2007472856574373893
rolling_at_post,2026-01-01,Serenity,TRGP,2026-01-03T16:02:08+00:00,,outside_confirmed_field,,,0.04678858315477541,0.32109175719044036,0.43637702194639894,0.29627108007135283,https://x.com/aleabitoreddit/status/2007482618405945681
rolling_at_post,2026-01-01,Serenity,CVX,2026-01-03T16:31:04+00:00,,outside_confirmed_field,,,0.04995474376649689,0.2482654232065422,0.032036184365573206,0.22344474608745468,https://x.com/aleabitoreddit/status/2007489901877436756
rolling_at_post,2026-01-01,Serenity,HLI,2026-01-03T16:31:04+00:00,,outside_confirmed_field,,,-0.044982659128645075,-0.18531964043993854,-0.21407902701045523,-0.21014031755902607,https://x.com/aleabitoreddit/status/2007489901877436756
rolling_at_post,2026-01-01,Serenity,LAZ,2026-01-03T16:31:04+00:00,,outside_confirmed_field,,,0.07599998474121095,-0.1504000091552734,-0.1976000213623047,-0.17522068627436094,https://x.com/aleabitoreddit/status/2007489901877436756
rolling_at_post,2026-01-01,Serenity,PSX,2026-01-03T16:31:04+00:00,,outside_confirmed_field,,,0.045882393332088656,0.3395587696748621,0.2621323080623852,0.31473809255577456,https://x.com/aleabitoreddit/status/2007489901877436756
rolling_at_post,2026-01-01,Serenity,RMLFF,2026-01-04T03:06:30+00:00,,outside_confirmed_field,,,-0.0394144434402941,-0.007882915536997603,-0.12950451357509196,-0.032703592656085134,https://x.com/aleabitoreddit/status/2007649811621880238
rolling_at_post,2026-01-01,Serenity,GDRZF,2026-01-04T10:18:01+00:00,,outside_confirmed_field,,,-0.23404254239843414,-0.14893613567498942,-0.031914813748412985,-0.17375681279407695,https://x.com/aleabitoreddit/status/2007758407948788162
rolling_at_post,2026-01-01,Serenity,OI,2026-01-04T10:18:01+00:00,,outside_confirmed_field,,,0.0,-0.32628205308469005,-0.3775641153393252,-0.3511027302037776,https://x.com/aleabitoreddit/status/2007758407948788162
rolling_at_post,2026-01-01,Feroce,UPS,2026-01-07T23:53:40+00:00,,outside_confirmed_field,,,0.1141382503751247,-0.07121687128166387,0.04712742831862604,-0.13263148466323438,https://x.com/FeroceResearch/status/2009050835855253698
rolling_at_post,2026-01-01,Serenity,VLN,2026-01-09T14:45:15+00:00,,outside_confirmed_field,,,-0.3870967865982611,-0.471774220683696,-0.14919359723065284,-0.6090170208498796,https://x.com/aleabitoreddit/status/2009637599661510665
rolling_at_post,2026-01-01,gsmferrari,HIMS,2026-01-12T16:56:49+00:00,,outside_confirmed_field,,,-0.4807229103933378,-0.4051204955981037,0.08945775113719923,-0.5426599215852536,https://x.com/gsmferrari/status/2010757873454960933
rolling_at_post,2026-01-01,Feroce,CRWV,2026-01-12T21:10:18+00:00,,outside_confirmed_field,,,0.06805162662455544,0.03312742107967792,-0.061987693243004016,-0.10441200490747193,https://x.com/FeroceResearch/status/2010821664829841765
rolling_at_post,2026-01-01,Feroce,MP,2026-01-12T21:10:18+00:00,,outside_confirmed_field,,,-0.07951271233458801,-0.204134326463292,-0.25448500825348985,-0.34167375245044185,https://x.com/FeroceResearch/status/2010821664829841765
rolling_at_post,2026-01-01,Feroce,NBIS,2026-01-12T21:10:18+00:00,,outside_confirmed_field,,,-0.14478711124955024,0.27019472193476846,0.8185968425552592,0.1326552959476186,https://x.com/FeroceResearch/status/2010821664829841765
rolling_at_post,2026-01-01,Feroce,OKLO,2026-01-12T21:10:18+00:00,,outside_confirmed_field,,,-0.3430732745087175,-0.5484633569739953,-0.5470449028285682,-0.6860027829611451,https://x.com/FeroceResearch/status/2010821664829841765
rolling_at_post,2026-01-01,Serenity,ACMR,2026-01-13T03:25:40+00:00,,outside_confirmed_field,,,0.18093092362070906,-0.11843088782212285,0.7766517610899724,-0.2559703138092727,https://x.com/aleabitoreddit/status/2010916127925293347
rolling_at_post,2026-01-01,Serenity,SIDU,2026-01-13T03:25:40+00:00,,outside_confirmed_field,,,-0.2774390529781352,0.018292665641127526,-0.29573171861926273,-0.11924676034602233,https://x.com/aleabitoreddit/status/2010916127925293347
rolling_at_post,2026-01-01,Serenity,UMAC,2026-01-14T07:04:05+00:00,,outside_confirmed_field,,,-0.18169493594412078,-0.07118645360914322,0.39796615859209483,-0.23905645792638996,https://x.com/aleabitoreddit/status/2011333482144731617
rolling_at_post,2026-01-01,Serenity,ALMU,2026-01-14T07:12:38+00:00,,outside_confirmed_field,,,-0.2453932172796699,-0.5164044840951985,-0.20269663950030725,-0.6842744884124452,https://x.com/aleabitoreddit/status/2011335633445286396
rolling_at_post,2026-01-01,Serenity,SOUN,2026-01-14T07:21:40+00:00,,outside_confirmed_field,,,-0.270394120121357,-0.41063245478744514,-0.37671858058294594,-0.5785024591046919,https://x.com/aleabitoreddit/status/2011337908117258489
rolling_at_post,2026-01-01,Serenity,LPTH,2026-01-14T10:45:47+00:00,,outside_confirmed_field,,,-0.11617895362229225,0.10413081325850237,0.09036146308742787,-0.06373919105874437,https://x.com/aleabitoreddit/status/2011389274860523548
rolling_at_post,2026-01-01,Serenity,UAVS,2026-01-14T10:48:07+00:00,,outside_confirmed_field,,,-0.40340911476942143,-0.47159090216371635,-0.5397727234242868,-0.6394609064809631,https://x.com/aleabitoreddit/status/2011389862793171342
rolling_at_post,2026-01-01,gsmferrari,NVO,2026-01-14T18:43:22+00:00,,outside_confirmed_field,,,-0.1533137302299472,-0.3427928890717209,-0.15417891860628297,-0.48922247036183975,https://x.com/gsmferrari/status/2011509460762587184
rolling_at_post,2026-01-01,Serenity,SSYS,2026-01-15T18:54:26+00:00,,outside_confirmed_field,,,-0.0903814357099777,-0.299336690277354,-0.29104478497135855,-0.4673957826692725,https://x.com/aleabitoreddit/status/2011874634418045268
rolling_at_post,2026-01-01,Serenity,AMBA,2026-01-16T07:57:59+00:00,,outside_confirmed_field,,,-0.006154362732001095,-0.15640950996774283,0.16031221652454408,-0.32446860235966135,https://x.com/aleabitoreddit/status/2012071822481900030
rolling_at_post,2026-01-01,Serenity,TKR,2026-01-16T07:57:59+00:00,,outside_confirmed_field,,,0.15509849649608465,0.14406594751833035,0.4707583189900826,-0.023993144873588168,https://x.com/aleabitoreddit/status/2012071822481900030
rolling_at_post,2026-01-01,Serenity,VICR,2026-01-16T07:57:59+00:00,,outside_confirmed_field,,,0.06763420563369782,0.3013417560288041,0.8623355995545621,0.13328266363688557,https://x.com/aleabitoreddit/status/2012071822481900030
rolling_at_post,2026-01-01,gsmferrari,LI,2026-01-16T16:33:26+00:00,,outside_confirmed_field,,,0.16161612634354294,0.14646462578759412,-0.23106059420170832,-0.04883570366063328,https://x.com/gsmferrari/status/2012201538832290238
rolling_at_post,2026-01-01,Serenity,FIG,2026-01-16T18:21:23+00:00,,outside_confirmed_field,,,-0.18026969015940775,-0.278211499917831,-0.16075232922596838,-0.4735118293660584,https://x.com/aleabitoreddit/status/2012228706576515101
rolling_at_post,2026-01-01,gsmferrari,SMCI,2026-01-17T01:40:01+00:00,,outside_confirmed_field,,,-0.035245065888782956,-0.12560071399987827,-0.11374557325209,-0.32090104344810566,https://x.com/gsmferrari/status/2012339093351330095
rolling_at_post,2026-01-01,gsmferrari,ADBE,2026-01-17T20:06:03+00:00,,outside_confirmed_field,,,-0.1150788063139615,-0.1687279234381257,-0.21646508945511522,-0.3640282528863531,https://x.com/gsmferrari/status/2012617434377695680
rolling_at_post,2026-01-01,gsmferrari,CC,2026-01-18T16:22:43+00:00,,outside_confirmed_field,,,0.3786666870117188,0.5353333791097006,0.20800005594889326,0.3400330496614732,https://x.com/gsmferrari/status/2012923619865723327
rolling_at_post,2026-01-01,Serenity,LPKFF,2026-01-18T18:52:25+00:00,,outside_confirmed_field,,,0.1419752548606188,0.48148141171107306,1.3481480940760817,0.28618108226284567,https://x.com/aleabitoreddit/status/2012961292966117410
rolling_at_post,2026-01-01,Serenity,MTRN,2026-01-18T18:52:25+00:00,,outside_confirmed_field,,,0.056800095253041194,0.12304397837957914,0.7009029264645681,-0.07225635106864825,https://x.com/aleabitoreddit/status/2012961292966117410
rolling_at_post,2026-01-01,Serenity,WOLF,2026-01-18T18:52:25+00:00,,outside_confirmed_field,,,-0.03140825425904481,0.2107396097085399,0.7046606847033827,0.015439280260312493,https://x.com/aleabitoreddit/status/2012961292966117410
rolling_at_post,2026-01-01,Serenity,GFS,2026-01-19T22:23:23+00:00,optics,outside_confirmed_field,,,0.1995024951630684,0.2017413048864467,0.5905471993337754,0.00644097543821931,https://x.com/aleabitoreddit/status/2013376770121105710
rolling_at_post,2026-01-01,Serenity,KTOS,2026-01-19T22:23:23+00:00,,outside_confirmed_field,,,-0.28210131307054453,-0.4172195511169431,-0.6334400213820763,-0.6125198805651705,https://x.com/aleabitoreddit/status/2013376770121105710
rolling_at_post,2026-01-01,Serenity,DPRO,2026-01-19T22:45:24+00:00,,outside_confirmed_field,,,-0.21633558766071803,-0.34437088497709345,-0.4895143724291715,-0.5396712144253208,https://x.com/aleabitoreddit/status/2013382311056642527
rolling_at_post,2026-01-01,gsmferrari,DJT,2026-01-20T07:18:23+00:00,,outside_confirmed_field,,,-0.2839595564918347,-0.2630058022537033,-0.3843930372955561,-0.4583061317019307,https://x.com/gsmferrari/status/2013511407459832141
rolling_at_post,2026-01-01,Serenity,SKY,2026-01-20T08:20:27+00:00,,outside_confirmed_field,,,0.032117455191607025,-0.19504409843647308,-0.14750606505635022,-0.3903444278847005,https://x.com/aleabitoreddit/status/2013527028318846987
rolling_at_post,2026-01-01,gsmferrari,PYPL,2026-01-20T09:05:44+00:00,,outside_confirmed_field,,,-0.2657430725292115,-0.1081324566073053,-0.14267722281263018,-0.3034327860555327,https://x.com/gsmferrari/status/2013538424607637714
rolling_at_post,2026-01-01,gsmferrari,SMR,2026-01-20T12:34:35+00:00,,outside_confirmed_field,,,-0.2638637973033032,-0.3959246891986017,-0.5692545636894547,-0.5912250186468291,https://x.com/gsmferrari/status/2013590982281900346
rolling_at_post,2026-01-01,Serenity,VPG,2026-01-20T17:28:02+00:00,,outside_confirmed_field,,,0.022888861762152768,0.14177780151367192,1.463777838812934,-0.04576612709604899,https://x.com/aleabitoreddit/status/2013664829282599094
rolling_at_post,2026-01-01,gsmferrari,OKLO,2026-01-21T22:41:24+00:00,,outside_confirmed_field,,,-0.2684404060197788,-0.2774172807685703,-0.5058403733600948,-0.4505463264836217,https://x.com/gsmferrari/status/2014106079890706714
rolling_at_post,2026-01-01,Serenity,RMBS,2026-01-22T15:09:55+00:00,,outside_confirmed_field,,,-0.1670859645085504,0.029538256029298715,-0.17698616078761253,-0.17589484000481703,https://x.com/aleabitoreddit/status/2014354847202681059
rolling_at_post,2026-01-01,Serenity,NBCLF,2026-01-23T01:09:49+00:00,,outside_confirmed_field,,,0.2599593102480058,0.4956456911616547,-0.052695941247157596,0.29021259512753894,https://x.com/aleabitoreddit/status/2014505817509355841
rolling_at_post,2026-01-01,gsmferrari,LLKKF,2026-01-23T10:30:16+00:00,,outside_confirmed_field,,,-0.052203366611921265,-0.16338977489345163,-0.5796610051343847,-0.3688228709275674,https://x.com/gsmferrari/status/2014646861898912157
rolling_at_post,2026-01-01,gsmferrari,ENPH,2026-01-23T10:56:56+00:00,,outside_confirmed_field,,,0.12192774393472328,-0.18361443209360884,-0.010120437805911098,-0.3890475281277246,https://x.com/gsmferrari/status/2014653572009316594
rolling_at_post,2026-01-01,gsmferrari,NOG,2026-01-23T13:03:50+00:00,,outside_confirmed_field,,,0.18977175824492964,0.04480133021041932,-0.13947587736022304,-0.16063176582369643,https://x.com/gsmferrari/status/2014685505783292209
rolling_at_post,2026-01-01,gsmferrari,NKE,2026-01-23T16:45:42+00:00,,outside_confirmed_field,,,-0.026539075309343074,-0.284215381311997,-0.324795556704497,-0.5097098662526496,https://x.com/gsmferrari/status/2014741343168303108
rolling_at_post,2026-01-01,Serenity,UAMY,2026-01-24T17:54:08+00:00,,outside_confirmed_field,,,-0.3506711642971221,-0.1552013732910068,-0.5419463084563549,-0.3806958582316594,https://x.com/aleabitoreddit/status/2015120952485625909
rolling_at_post,2026-01-01,Serenity,PDYN,2026-01-24T18:19:59+00:00,,outside_confirmed_field,,,0.015128578307516571,0.0030257156615032255,-0.2617246572056694,-0.22246876927914938,https://x.com/aleabitoreddit/status/2015127456446087428
rolling_at_post,2026-01-01,Serenity,RCAT,2026-01-24T18:19:59+00:00,,outside_confirmed_field,,,-0.19210110574997818,-0.20568721350222052,-0.5172195918755986,-0.43118169844287313,https://x.com/aleabitoreddit/status/2015127456446087428
rolling_at_post,2026-01-01,Serenity,BBW,2026-01-25T19:24:36+00:00,,outside_confirmed_field,,,-0.2202475558123438,-0.3803554593238688,-0.4584258835258287,-0.6058499442645214,https://x.com/aleabitoreddit/status/2015506107075264735
rolling_at_post,2026-01-01,Serenity,AA,2026-01-26T15:14:41+00:00,,outside_confirmed_field,,,0.06328454180073928,0.18656389077845903,-0.24716476948971433,-0.05358427234227192,https://x.com/aleabitoreddit/status/2015805598265479518
rolling_at_post,2026-01-01,Serenity,ALM,2026-01-26T15:14:41+00:00,,outside_confirmed_field,,,0.42685026566231565,1.0077452799891797,0.1987952187923414,0.7675971168684488,https://x.com/aleabitoreddit/status/2015805598265479518
rolling_at_post,2026-01-01,Serenity,FCX,2026-01-26T15:14:41+00:00,,outside_confirmed_field,,,0.10373979273850353,0.14406505057482222,-0.04406502576378302,-0.09608311254590873,https://x.com/aleabitoreddit/status/2015805598265479518
rolling_at_post,2026-01-01,Serenity,LAC,2026-01-26T15:14:41+00:00,,outside_confirmed_field,,,-0.14576273213786217,-0.1559322138005238,-0.508474568052218,-0.39608037692125475,https://x.com/aleabitoreddit/status/2015805598265479518
rolling_at_post,2026-01-01,Serenity,SYAAF,2026-01-26T15:14:41+00:00,,outside_confirmed_field,,,-0.24434391367467423,-0.5972850623815872,-0.5882353040332453,-0.8374332255023181,https://x.com/aleabitoreddit/status/2015805598265479518
rolling_at_post,2026-01-01,Serenity,TECK,2026-01-26T15:14:41+00:00,,outside_confirmed_field,,,0.09202119542456422,0.08197914599675848,-0.004929714360179416,-0.15816901712397247,https://x.com/aleabitoreddit/status/2015805598265479518
rolling_at_post,2026-01-01,gsmferrari,ELBM,2026-01-26T17:09:06+00:00,,outside_confirmed_field,,,-0.2641509306647245,-0.4207546645697826,-0.5132075465332362,-0.6609028276905136,https://x.com/gsmferrari/status/2015834392862539898
rolling_at_post,2026-01-01,Feroce,USAR,2026-01-29T00:37:08+00:00,,outside_confirmed_field,,,-0.11360634203944375,-0.03742837993781589,-0.3033905621933418,-0.3154615364362654,https://x.com/FeroceResearch/status/2016671918863392868
rolling_at_post,2026-01-01,Serenity,MCB,2026-01-31T03:26:11+00:00,,outside_confirmed_field,,,-0.07022287375407332,-0.016987662042085683,-0.015040028318411114,-0.29837913241586955,https://x.com/aleabitoreddit/status/2017439237294211221
rolling_at_post,2026-01-01,Zephyr,SNDK,2026-02-01T11:00:44+00:00,semis,positive,3,2,0.05140880701204087,0.7023317874051409,1.4397684559539004,0.42094031703135704,https://x.com/zephyr_z9/status/2017916018606457283
rolling_at_post,2026-01-01,Serenity,JPM,2026-02-02T04:49:49+00:00,,outside_confirmed_field,,,-0.022663056198313103,0.02295874974753276,0.16011956042898623,-0.2584327206262511,https://x.com/aleabitoreddit/status/2018185060353278016
rolling_at_post,2026-01-01,Serenity,PYPL,2026-02-02T04:49:49+00:00,,outside_confirmed_field,,,-0.1308571225120908,-0.05447620210193449,0.06952383858816957,-0.33586767247571836,https://x.com/aleabitoreddit/status/2018185060353278016
rolling_at_post,2026-01-01,Feroce,AMD,2026-02-03T02:56:49+00:00,,outside_confirmed_field,,,-0.24090640178226053,0.34013111215188596,0.9676008992343066,0.07579466303768112,https://x.com/FeroceResearch/status/2018519013341397408
rolling_at_post,2026-01-01,Feroce,INTC,2026-02-03T02:56:49+00:00,,outside_confirmed_field,,,-0.1390332143075681,0.8927286736063267,0.831202470119285,0.6283922244921218,https://x.com/FeroceResearch/status/2018519013341397408
rolling_at_post,2026-01-01,Serenity,ANET,2026-02-04T22:48:03+00:00,,outside_confirmed_field,,,0.09136452073002554,0.35207071486284014,0.23674937030468657,-0.0742476161600707,https://x.com/aleabitoreddit/status/2019181182026686661
rolling_at_post,2026-01-01,Feroce,TSM,2026-02-06T17:14:19+00:00,,outside_confirmed_field,,,-0.00017203107269692097,0.13089228299758981,0.15910651646003093,-0.26897436853005474,https://x.com/FeroceResearch/status/2019821971882877227
rolling_at_post,2026-01-01,Feroce,AVGO,2026-02-06T19:36:14+00:00,,outside_confirmed_field,,,0.04528830149009977,0.29201559859137705,0.17689032170088015,-0.10785105293626751,https://x.com/FeroceResearch/status/2019857688562389088
rolling_at_post,2026-01-01,Serenity,DUOL,2026-02-09T07:13:43+00:00,,outside_confirmed_field,,,-0.15790357929605603,-0.1276310374901729,0.1304821598204926,-0.5274976890178175,https://x.com/aleabitoreddit/status/2020757990039802293
rolling_at_post,2026-01-01,Tradex,AMAT,2026-02-09T19:43:03+00:00,,outside_confirmed_field,,,0.048566119695227616,0.2993997882476327,0.5709999544817526,-0.13438050952666103,https://x.com/TradexWhisperer/status/2020946568065712315
rolling_at_post,2026-01-01,Serenity,U,2026-02-11T16:28:04+00:00,,outside_confirmed_field,,,-0.07387985085224302,0.34223071791404047,0.6906578643767816,-0.08928856900938764,https://x.com/aleabitoreddit/status/2021622271316742460
rolling_at_post,2026-01-01,Feroce,SOXX,2026-02-11T21:02:44+00:00,,outside_confirmed_field,,,-0.09153686731922983,0.4315192869234281,0.4601332324980896,0.0,https://x.com/FeroceResearch/status/2021691396671828134
rolling_at_post,2026-01-01,Serenity,EWY,2026-02-13T12:16:49+00:00,,outside_confirmed_field,,,-0.05725568209995413,0.4644240453205377,0.24626009624542733,-0.04566673755743955,https://x.com/aleabitoreddit/status/2022283819374854167
rolling_at_post,2026-01-01,Tradex,SNDK,2026-02-14T16:35:15+00:00,memory,unknown,1,1,0.149722230200674,1.3725817312602122,0.9807352302900327,0.8975238603142972,https://x.com/TradexWhisperer/status/2022711243899900013
rolling_at_post,2026-01-01,Serenity,CEG,2026-02-16T01:25:02+00:00,,outside_confirmed_field,,,0.05558049286907618,0.014197436898640614,-0.06770519274282716,-0.4608604340472744,https://x.com/aleabitoreddit/status/2023206956601876691
rolling_at_post,2026-01-01,Serenity,ETN,2026-02-16T01:25:02+00:00,,outside_confirmed_field,,,-0.06654943460264773,0.03813537423484137,0.16003928355097163,-0.43692249671107364,https://x.com/aleabitoreddit/status/2023206956601876691
rolling_at_post,2026-01-01,Serenity,SYM,2026-02-16T01:25:02+00:00,,outside_confirmed_field,,,-0.05558643565213017,-0.04910137976543816,-0.2555123328445922,-0.5241592507113532,https://x.com/aleabitoreddit/status/2023206956601876691
rolling_at_post,2026-01-01,Serenity,TER,2026-02-16T01:25:02+00:00,,outside_confirmed_field,,,-0.026057178730867325,0.17044901945153068,0.2385632573341836,-0.3046088514943843,https://x.com/aleabitoreddit/status/2023206956601876691
rolling_at_post,2026-01-01,Serenity,INFQ,2026-02-18T14:54:07+00:00,,outside_confirmed_field,,,-0.3492695937797132,-0.07237716614988199,-0.21513948436363617,-0.5688762351474581,https://x.com/aleabitoreddit/status/2024135345542242531
rolling_at_post,2026-01-01,Serenity,SIMO,2026-02-18T15:41:40+00:00,,outside_confirmed_field,,,-0.05714284567008343,0.9838346323572604,0.6842105263157894,0.4873355633596843,https://x.com/aleabitoreddit/status/2024147309949551096
rolling_at_post,2026-01-01,Feroce,BE,2026-02-19T18:38:09+00:00,,outside_confirmed_field,,,0.06969133339371703,0.7708400754959008,0.5219149128884037,0.33267724769991824,https://x.com/FeroceResearch/status/2024554113627832408
rolling_at_post,2026-01-01,Feroce,FCX,2026-02-25T18:51:57+00:00,,outside_confirmed_field,,,-0.16388398984713948,-0.08743405847593566,-0.028705318094805587,-0.519581050614565,https://x.com/FeroceResearch/status/2026731914158068096
rolling_at_post,2026-01-01,Tradex,AXTI,2026-02-26T07:16:08+00:00,,outside_confirmed_field,,,0.7072242629052561,2.0676804639445363,1.0864384275479737,1.635533471805907,https://x.com/TradexWhisperer/status/2026919193443184873
rolling_at_post,2026-01-01,Tradex,GLW,2026-02-26T07:16:08+00:00,,outside_confirmed_field,,,-0.07583982357001129,0.21173275227371469,0.009724635515264923,-0.2204142398649147,https://x.com/TradexWhisperer/status/2026919193443184873
rolling_at_post,2026-01-01,Tradex,LITE,2026-02-26T07:16:08+00:00,,outside_confirmed_field,,,0.08348844881427375,0.3446538490436988,0.21752166887040558,-0.08749314309493061,https://x.com/TradexWhisperer/status/2026919193443184873
rolling_at_post,2026-01-01,Serenity,AEHR,2026-02-26T17:55:14+00:00,optics,positive,2,2,-0.09620915830524923,1.4841829187729778,1.8224836361953636,0.9471977708644226,https://x.com/aleabitoreddit/status/2027080026051731630
rolling_at_post,2026-01-01,Serenity,NET,2026-02-27T14:40:21+00:00,,outside_confirmed_field,,,0.21097531561984906,0.2975842601011549,0.6636445798758728,-0.36066645308377177,https://x.com/aleabitoreddit/status/2027393372953174177
rolling_at_post,2026-01-01,Serenity,PINS,2026-02-27T14:40:21+00:00,,outside_confirmed_field,,,0.06923537485083409,0.1637567256716026,0.3985550083459417,-0.4944939875133241,https://x.com/aleabitoreddit/status/2027393372953174177
rolling_at_post,2026-01-01,Serenity,SPOT,2026-02-27T14:40:21+00:00,,outside_confirmed_field,,,-0.06504401844304009,0.04820424572063975,0.054971798642081016,-0.6100464674642869,https://x.com/aleabitoreddit/status/2027393372953174177
rolling_at_post,2026-01-01,Tradex,EWY,2026-02-27T15:24:56+00:00,,outside_confirmed_field,,,-0.1605605921748624,0.39224258045062355,0.23619212946297363,-0.2660081327343031,https://x.com/TradexWhisperer/status/2027404592817058190
rolling_at_post,2026-01-01,gsmferrari,DEFT,2026-03-02T08:53:33+00:00,,outside_confirmed_field,,,-0.26788431908860966,0.03500761297370847,-0.2161339701927788,-0.6232431002112182,https://x.com/gsmferrari/status/2028393258070474842
rolling_at_post,2026-01-01,Serenity,LASR,2026-03-02T13:01:47+00:00,,outside_confirmed_field,,,-0.047252293593015304,0.208265399402916,-0.30099248802447287,-0.4499853137820107,https://x.com/aleabitoreddit/status/2028455727996752242
rolling_at_post,2026-01-01,Serenity,SLOIF,2026-03-03T12:32:25+00:00,,outside_confirmed_field,,,0.17919998168945317,2.503999938964844,1.5099999999999998,1.835864275154482,https://x.com/aleabitoreddit/status/2028810725398053326
rolling_at_post,2026-01-01,Tradex,AAOI,2026-03-05T03:21:14+00:00,,outside_confirmed_field,,,-0.11426812630784178,0.624884676717997,0.16063190076167944,-0.05431280731520416,https://x.com/TradexWhisperer/status/2029396791863722111
rolling_at_post,2026-01-01,Tradex,COHR,2026-03-05T03:21:14+00:00,,outside_confirmed_field,,,-0.05675455402643048,0.3759278785653357,0.09679884290852248,-0.3032696054678654,https://x.com/TradexWhisperer/status/2029396791863722111
rolling_at_post,2026-01-01,Tradex,HIMS,2026-03-07T01:52:05+00:00,,outside_confirmed_field,,,-0.1242731083316504,0.18500969407984957,0.3637734068195908,-0.7157160895012311,https://x.com/TradexWhisperer/status/2030099133474951345
rolling_at_post,2026-01-01,Serenity,TSEM,2026-03-07T23:24:18+00:00,optics,positive,4,4,0.7397548753415413,1.512897843230458,1.011068484424122,0.6121720596493774,https://x.com/aleabitoreddit/status/2030424332552573150
rolling_at_post,2026-01-01,Serenity,SSNLF,2026-03-08T06:19:05+00:00,,outside_confirmed_field,,,0.0,0.0,0.0,-0.9007257835810807,https://x.com/aleabitoreddit/status/2030528714380083620
rolling_at_post,2026-01-01,Austin,AVGO,2026-03-10T18:21:21+00:00,semis,other,2,2,0.023468310898932865,0.22277360150629044,0.08100061384346624,-0.547329102467645,https://x.com/austinsemis/status/2031435255454875677
rolling_at_post,2026-01-01,Austin,MRVL,2026-03-10T18:21:21+00:00,semis,other,2,2,0.22275639758568788,2.3806623700241736,1.2613248623142872,1.6105596660502381,https://x.com/austinsemis/status/2031435255454875677
rolling_at_post,2026-01-01,Serenity,PFGC,2026-03-11T07:23:11+00:00,,outside_confirmed_field,,,0.017037566544980676,0.08866483117886359,0.1493973061198215,-0.6814378727950718,https://x.com/aleabitoreddit/status/2031632009618161879
rolling_at_post,2026-01-01,Serenity,SYY,2026-03-11T07:23:11+00:00,,outside_confirmed_field,,,-0.10450425207840097,-0.11403717711668881,-0.03384171115177137,-0.8841398810906242,https://x.com/aleabitoreddit/status/2031632009618161879
rolling_at_post,2026-01-01,Serenity,USFD,2026-03-11T07:23:11+00:00,,outside_confirmed_field,,,0.01753609165163872,-0.08768037358122682,0.16359598350052384,-0.8577830775551623,https://x.com/aleabitoreddit/status/2031632009618161879
rolling_at_post,2026-01-01,Serenity,CODA,2026-03-11T16:13:30+00:00,,outside_confirmed_field,,,-0.1595383232061276,-0.19891374355444336,-0.31704000459939075,-0.7989908923980656,https://x.com/aleabitoreddit/status/2031765468982473011
rolling_at_post,2026-01-01,gsmferrari,MOS,2026-03-11T17:33:40+00:00,,outside_confirmed_field,,,-0.1861513340199379,-0.28373589959470835,-0.20193232542599604,-0.8838130484383306,https://x.com/gsmferrari/status/2031785641797640627
rolling_at_post,2026-01-01,Serenity,PAYP,2026-03-13T05:53:16+00:00,,outside_confirmed_field,,,-0.042857124691917825,-0.27761904398600257,-0.250952402750651,-0.9891621248829935,https://x.com/aleabitoreddit/status/2032334155053470177
rolling_at_post,2026-01-01,gsmferrari,ALB,2026-03-13T13:25:05+00:00,,outside_confirmed_field,,,0.058328711149006285,-0.08673133632649999,-0.16041937069099887,-0.7982744172234909,https://x.com/gsmferrari/status/2032447857983209735
rolling_at_post,2026-01-01,Serenity,BESIY,2026-03-13T22:34:07+00:00,,outside_confirmed_field,,,0.15892329876002886,0.5823742380999075,0.04176257619000934,-0.07639406533210202,https://x.com/aleabitoreddit/status/2032586030059237713
rolling_at_post,2026-01-01,gsmferrari,CDW,2026-03-14T19:08:37+00:00,,outside_confirmed_field,,,0.12610994105784767,0.1384050435820683,0.3142076038197261,-0.5203632598499413,https://x.com/gsmferrari/status/2032896700361199771
rolling_at_post,2026-01-01,Serenity,ASML,2026-03-14T19:15:25+00:00,,outside_confirmed_field,,,0.08747965229357901,0.2886873654325961,0.19330630806330196,-0.37008093799941344,https://x.com/aleabitoreddit/status/2032898412279115858
rolling_at_post,2026-01-01,Serenity,BE,2026-03-14T19:15:25+00:00,,outside_confirmed_field,,,0.10834382016147504,0.6286699830123914,0.4777290594171908,-0.03009832041961813,https://x.com/aleabitoreddit/status/2032898412279115858
rolling_at_post,2026-01-01,Zephyr,GDS,2026-03-18T11:18:59+00:00,,outside_confirmed_field,,,-0.07761765052532676,-0.2741346046038665,-0.3119758943275507,-0.9977125412900857,https://x.com/zephyr_z9/status/2034228063421231293
rolling_at_post,2026-01-01,Zephyr,VNET,2026-03-18T11:18:59+00:00,,outside_confirmed_field,,,-0.08248467322960362,-0.0885946957837106,-0.3126272698809053,-0.8121726324699298,https://x.com/zephyr_z9/status/2034228063421231293
rolling_at_post,2026-01-01,Serenity,SONY,2026-03-23T01:31:13+00:00,,outside_confirmed_field,,,0.037754147744740285,-0.013552792290101645,,-0.751880437598531,https://x.com/aleabitoreddit/status/2035892086181155327
rolling_at_post,2026-01-01,Serenity,MTSI,2026-03-25T04:13:56+00:00,,outside_confirmed_field,,,0.16098748586136535,0.6405130544861377,,-0.21743501553448596,https://x.com/aleabitoreddit/status/2036657811179155561
rolling_at_post,2026-01-01,Feroce,ARM,2026-03-25T19:17:05+00:00,,outside_confirmed_field,,,0.3003494926828607,1.5911660972702917,,0.6615446914353345,https://x.com/FeroceResearch/status/2036885097668833284
rolling_at_post,2026-01-01,gsmferrari,MSFT,2026-03-27T18:29:16+00:00,,outside_confirmed_field,,,0.1738602224064465,0.009836964958921834,,-0.8310199592950951,https://x.com/gsmferrari/status/2037597841682584050
rolling_at_post,2026-01-01,Serenity,LNG,2026-03-28T17:17:08+00:00,,outside_confirmed_field,,,-0.13789098584886716,-0.2327428981646653,,-1.0735998224186822,https://x.com/aleabitoreddit/status/2037942075422027868
rolling_at_post,2026-01-01,Serenity,NEXT,2026-03-28T17:17:08+00:00,,outside_confirmed_field,,,-0.1350059892343043,-0.14456392529163686,,-0.9854208495456538,https://x.com/aleabitoreddit/status/2037942075422027868
rolling_at_post,2026-01-01,gsmferrari,MSTR,2026-03-29T17:28:39+00:00,,outside_confirmed_field,,,0.30605938218807616,-0.27340798891520557,,-1.1142649131692224,https://x.com/gsmferrari/status/2038307359391440937
rolling_at_post,2026-04-01,Tradex,INTC,2026-04-02T19:52:25+00:00,,outside_confirmed_field,,,0.9579402644511834,1.7443003528220027,,0.8680997485288999,https://x.com/TradexWhisperer/status/2039793091658616886
rolling_at_post,2026-04-01,Serenity,GILT,2026-04-05T04:56:46+00:00,,outside_confirmed_field,,,0.0857813775091103,-0.21797884479225482,,-1.0941794490853576,https://x.com/aleabitoreddit/status/2040654858475504075
rolling_at_post,2026-04-01,Serenity,NTTYY,2026-04-05T04:56:46+00:00,,outside_confirmed_field,,,-0.04169980665938877,-0.1171565022710932,,-0.993357106564196,https://x.com/aleabitoreddit/status/2040654858475504075
rolling_at_post,2026-04-01,Serenity,SAFRY,2026-04-05T04:56:46+00:00,,outside_confirmed_field,,,-0.05126692460045035,0.15816144266682985,,-0.7180391616262729,https://x.com/aleabitoreddit/status/2040654858475504075
rolling_at_post,2026-04-01,Serenity,SGBAF,2026-04-05T04:56:46+00:00,,outside_confirmed_field,,,0.14502765523882033,0.1698895766291828,,-0.70631102766392,https://x.com/aleabitoreddit/status/2040654858475504075
rolling_at_post,2026-04-01,Serenity,SKPJF,2026-04-05T04:56:46+00:00,,outside_confirmed_field,,,0.0,2.1964285714285716,,1.3202279671354689,https://x.com/aleabitoreddit/status/2040654858475504075
rolling_at_post,2026-04-01,Serenity,VSAT,2026-04-05T04:56:46+00:00,,outside_confirmed_field,,,0.2291431353197264,0.6951679564850899,,-0.18103264780801287,https://x.com/aleabitoreddit/status/2040654858475504075
rolling_at_post,2026-04-01,Serenity,DRAM,2026-04-09T10:27:36+00:00,memory,positive,3,2,0.5453968350849454,1.055873083689856,,0.4897270322930911,https://x.com/aleabitoreddit/status/2042187668931616964
rolling_at_post,2026-04-01,Serenity,FN,2026-04-09T10:27:36+00:00,optics,positive,7,7,0.10774182956332234,-0.18316909508687085,,-0.7493151464836357,https://x.com/aleabitoreddit/status/2042187668931616964
rolling_at_post,2026-04-01,Serenity,JBL,2026-04-09T10:27:36+00:00,,outside_confirmed_field,,,0.2967192914361605,0.17789226149760373,,-0.38825378989916115,https://x.com/aleabitoreddit/status/2042187668931616964
rolling_at_post,2026-04-01,Serenity,POWL,2026-04-09T10:27:36+00:00,,outside_confirmed_field,,,0.4698053895202956,0.13826177099842774,,-0.42788428039833715,https://x.com/aleabitoreddit/status/2042187668931616964
rolling_at_post,2026-04-01,Serenity,SMTC,2026-04-09T10:27:36+00:00,optics,positive,7,7,0.3698425412608537,0.5962532580126836,,0.030107206615918702,https://x.com/aleabitoreddit/status/2042187668931616964
rolling_at_post,2026-04-01,gsmferrari,HOOD,2026-04-10T22:55:13+00:00,,outside_confirmed_field,,,0.12938929273987698,0.6645406602365207,,0.20426727069527706,https://x.com/gsmferrari/status/2042738197067649170
rolling_at_post,2026-04-01,gsmferrari,CRM,2026-04-11T00:23:32+00:00,,outside_confirmed_field,,,0.08841666568473316,-0.0028135361395803526,,-0.463086925680824,https://x.com/gsmferrari/status/2042760424513229306
rolling_at_post,2026-04-01,gsmferrari,NOW,2026-04-11T00:34:37+00:00,,outside_confirmed_field,,,0.07561641991209944,0.27144040400422176,,-0.18883298553702188,https://x.com/gsmferrari/status/2042763213209587745
rolling_at_post,2026-04-01,gsmferrari,CRWV,2026-04-11T19:19:44+00:00,,outside_confirmed_field,,,0.09522670373770437,-0.13648355655916022,,-0.5967569461004039,https://x.com/gsmferrari/status/2043046359717044434
rolling_at_post,2026-04-01,gsmferrari,RBLX,2026-04-13T15:49:56+00:00,,outside_confirmed_field,,,-0.2870210156641586,-0.026061414520592185,,-0.48820704482817434,https://x.com/gsmferrari/status/2043718338333859843
rolling_at_post,2026-04-01,gsmferrari,ORCL,2026-04-15T15:04:29+00:00,,outside_confirmed_field,,,0.07561498966299629,-0.2543929562896492,,-0.6363449705602353,https://x.com/gsmferrari/status/2044431674352566277
rolling_at_post,2026-04-01,Serenity,BIRD,2026-04-15T17:14:30+00:00,,outside_confirmed_field,,,-0.6783605441329588,-0.7915943102049707,,-1.1735463244755568,https://x.com/aleabitoreddit/status/2044464395380736079
rolling_at_post,2026-04-01,gsmferrari,ALAB,2026-04-15T23:57:00+00:00,,outside_confirmed_field,,,0.29531789790688223,1.092774495913114,,0.7108224816425279,https://x.com/gsmferrari/status/2044565686303723906
rolling_at_post,2026-04-01,Feroce,ALAB,2026-04-20T21:23:56+00:00,,outside_confirmed_field,,,0.14214570506519042,0.6939867032284768,,0.432093250083885,https://x.com/FeroceResearch/status/2046339103319265359
rolling_at_post,2026-04-01,Feroce,CRDO,2026-04-20T21:23:56+00:00,,outside_confirmed_field,,,-0.13038393474502752,0.15731777825574111,,-0.10457567488885067,https://x.com/FeroceResearch/status/2046339103319265359
rolling_at_post,2026-04-01,Tradex,AMKR,2026-04-22T04:44:25+00:00,,outside_confirmed_field,,,-0.08972220950656462,-0.1258333524068197,,-0.34712714455187565,https://x.com/TradexWhisperer/status/2046812344454631928
rolling_at_post,2026-04-01,Tradex,ASX,2026-04-22T04:44:25+00:00,,outside_confirmed_field,,,0.04252447737326359,0.29632132755073437,,0.07502753540567841,https://x.com/TradexWhisperer/status/2046812344454631928
rolling_at_post,2026-04-01,Feroce,SMH,2026-04-23T15:46:57+00:00,,outside_confirmed_field,,,0.1368741242027709,0.16930593115421222,,-0.038522052115973926,https://x.com/FeroceResearch/status/2047341463227285515
rolling_at_post,2026-04-01,Feroce,UAMY,2026-04-27T20:21:52+00:00,,outside_confirmed_field,,,-0.17893748411283394,-0.4864864432479322,,-0.7460892677434435,https://x.com/FeroceResearch/status/2048860202146111996
rolling_at_post,2026-04-01,DGretta,FLEX,2026-04-28T00:53:51+00:00,,outside_confirmed_field,,,0.6504206012462135,0.4741329772070193,,0.214530152711508,https://x.com/DGretta_Author/status/2048928647197634718
rolling_at_post,2026-04-01,DGretta,JBL,2026-04-28T00:53:51+00:00,,outside_confirmed_field,,,0.15227272727272734,-0.024121186227509472,,-0.2837240107230208,https://x.com/DGretta_Author/status/2048928647197634718
rolling_at_post,2026-04-01,Feroce,STX,2026-04-28T20:39:00+00:00,memory,outside_confirmed_field,,,0.30342225605856044,0.2750232452232162,,0.09142265633801316,https://x.com/FeroceResearch/status/2049226900279611782
rolling_at_post,2026-04-01,Serenity,CAMT,2026-04-29T21:40:20+00:00,,outside_confirmed_field,,,-0.08372215580971498,-0.205976373714982,,-0.33880491582662686,https://x.com/aleabitoreddit/status/2049604721766494640
rolling_at_post,2026-04-01,Serenity,FORM,2026-04-29T21:40:20+00:00,,outside_confirmed_field,,,-0.0956944359673394,-0.31388886769612634,,-0.4467174098077712,https://x.com/aleabitoreddit/status/2049604721766494640
rolling_at_post,2026-04-01,Serenity,KEYS,2026-04-29T21:40:20+00:00,,outside_confirmed_field,,,-0.01675799112211096,-0.09054539055040733,,-0.2233739326620522,https://x.com/aleabitoreddit/status/2049604721766494640
rolling_at_post,2026-04-01,Serenity,ONTO,2026-04-29T21:40:20+00:00,,outside_confirmed_field,,,-0.11460435934383295,-0.10256238663311068,,-0.23539092874475553,https://x.com/aleabitoreddit/status/2049604721766494640
rolling_at_post,2026-04-01,Serenity,VIAV,2026-04-29T21:40:20+00:00,,outside_confirmed_field,,,-0.19169861107251618,-0.3638940026716234,,-0.49672254478326827,https://x.com/aleabitoreddit/status/2049604721766494640
rolling_at_post,2026-04-01,DGretta,DAVE,2026-04-29T22:15:42+00:00,,outside_confirmed_field,,,0.040969708371819014,0.5708256243671714,,0.4379970822555266,https://x.com/DGretta_Author/status/2049613623891292341
rolling_at_post,2026-04-01,Feroce,WDC,2026-04-30T00:22:49+00:00,memory,positive,2,2,0.2436026188830165,0.1657341037521909,,0.03290556164054603,https://x.com/FeroceResearch/status/2049645612719550669
rolling_at_post,2026-04-01,Serenity,TOWCF,2026-04-30T00:25:10+00:00,,outside_confirmed_field,,,-0.03640418945269952,-0.15311300825862295,,-0.2859415503702678,https://x.com/aleabitoreddit/status/2049646205039522009
rolling_at_post,2026-04-01,gsmferrari,COIN,2026-04-30T15:15:10+00:00,,outside_confirmed_field,,,-0.01485306457677138,-0.12497399612311622,,-0.19693070026196335,https://x.com/gsmferrari/status/2049870182558883976
rolling_at_post,2026-04-01,DGretta,EOSE,2026-04-30T16:20:42+00:00,,outside_confirmed_field,,,0.2600897209376485,-0.4962631006375149,,-0.568219804776362,https://x.com/DGretta_Author/status/2049886672087646260
rolling_at_post,2026-04-01,Serenity,YSS,2026-04-30T18:35:10+00:00,,outside_confirmed_field,,,-0.023047005725242875,-0.46692608358925447,,-0.5388827877281016,https://x.com/aleabitoreddit/status/2049920512105816146
rolling_at_post,2026-04-01,DGretta,CELH,2026-05-01T01:40:01+00:00,,outside_confirmed_field,,,-0.01334521787215015,-0.12663108846929738,,-0.19858779260814452,https://x.com/DGretta_Author/status/2050027430241337733
rolling_at_post,2026-04-01,Tradex,DRAM,2026-05-03T01:49:17+00:00,memory,unknown,1,1,0.6132858253456985,0.06405686478052597,,0.07031846955398058,https://x.com/TradexWhisperer/status/2050754538047778999
rolling_at_post,2026-04-01,DGretta,POOL,2026-05-03T12:57:09+00:00,,outside_confirmed_field,,,-0.1136263858710792,-0.058225045035006584,,-0.051963440261551974,https://x.com/DGretta_Author/status/2050922610020471112
rolling_at_post,2026-04-01,DGretta,VG,2026-05-04T19:04:17+00:00,,outside_confirmed_field,,,-0.07132130863593644,-0.006006000415836432,,-0.07687661868793305,https://x.com/DGretta_Author/status/2051377392426307938
rolling_at_post,2026-04-01,DGretta,OUST,2026-05-04T22:26:27+00:00,,outside_confirmed_field,,,0.5454087297333401,0.1928822884443937,,0.12201167017229708,https://x.com/DGretta_Author/status/2051428266754347134
rolling_at_post,2026-04-01,DGretta,NOK,2026-05-05T14:15:58+00:00,,outside_confirmed_field,,,0.25318345050073265,-0.31535579908975897,,-0.32927262636961585,https://x.com/DGretta_Author/status/2051667222964162603
rolling_at_post,2026-04-01,DGretta,CLSK,2026-05-06T21:30:58+00:00,,outside_confirmed_field,,,0.189733449923579,0.038712388218471006,,0.029267733755275804,https://x.com/DGretta_Author/status/2052139081514074125
rolling_at_post,2026-04-01,DGretta,INOD,2026-05-07T23:21:22+00:00,,outside_confirmed_field,,,0.39838184011542443,-0.037164003737273466,,-0.11246551189538778,https://x.com/DGretta_Author/status/2052529250100535609
rolling_at_post,2026-04-01,DGretta,CASY,2026-05-14T08:27:42+00:00,,outside_confirmed_field,,,0.029528122805477564,-0.039932559581285165,,-0.04542166622599075,https://x.com/DGretta_Author/status/2054841069834059834
rolling_at_post,2026-04-01,DGretta,ENS,2026-05-14T14:17:58+00:00,,outside_confirmed_field,,,-0.03419467073970761,-0.19806197605000941,,-0.24209425894336467,https://x.com/DGretta_Author/status/2054929213975601249
rolling_at_post,2026-04-01,DGretta,INBX,2026-05-15T20:16:25+00:00,,outside_confirmed_field,,,-0.13926728036100855,-0.09462443701262013,,-0.14981528821984424,https://x.com/DGretta_Author/status/2055381812843610599
rolling_at_post,2026-04-01,gsmferrari,FIG,2026-05-18T23:21:27+00:00,,outside_confirmed_field,,,-0.269105720999094,0.07113821027898082,,-0.06581471534815564,https://x.com/gsmferrari/status/2056515539204255989
rolling_at_post,2026-04-01,DGretta,TOST,2026-05-21T16:10:06+00:00,,outside_confirmed_field,,,0.05295135698246867,0.5169270561697594,,0.5178482982354072,https://x.com/DGretta_Author/status/2057494151235567942
rolling_at_post,2026-04-01,Tradex,RKLB,2026-05-24T18:25:07+00:00,,outside_confirmed_field,,,-0.32997566160473046,-0.46578383197091777,,-0.3987808193880257,https://x.com/TradexWhisperer/status/2058615291802972236
rolling_at_post,2026-04-01,DGretta,NUAI,2026-05-25T10:54:48+00:00,,outside_confirmed_field,,,0.3402174107969824,0.17391308854793652,,0.24091610113082862,https://x.com/DGretta_Author/status/2058864355639197964
rolling_at_post,2026-04-01,gsmferrari,PATH,2026-05-25T13:24:50+00:00,,outside_confirmed_field,,,-0.07299271787868722,0.43978099252261904,,0.5067840051055111,https://x.com/gsmferrari/status/2058902111014793563
rolling_at_post,2026-04-01,gsmferrari,META,2026-05-26T12:56:19+00:00,,outside_confirmed_field,,,-0.07668051917120733,-0.1032370113473724,,-0.0362339987644803,https://x.com/gsmferrari/status/2059257324502389041
rolling_at_post,2026-04-01,gsmferrari,OPEN,2026-05-27T19:44:53+00:00,,outside_confirmed_field,,,-0.0811965067397572,-0.2457264741732046,,-0.16727804250911948,https://x.com/gsmferrari/status/2059722527769817374
rolling_at_post,2026-04-01,Feroce,BB,2026-05-28T15:45:26+00:00,,outside_confirmed_field,,,0.25412534952320476,-0.1584158452198151,,-0.03652976953448517,https://x.com/FeroceResearch/status/2060024656107561169
rolling_at_post,2026-04-01,Tradex,CRWD,2026-05-29T16:50:19+00:00,,outside_confirmed_field,,,0.009649196952331573,0.007760185362528427,,0.09577265162059045,https://x.com/TradexWhisperer/status/2060403373686608168
rolling_at_post,2026-04-01,Tradex,NOW,2026-05-29T16:50:19+00:00,,outside_confirmed_field,,,-0.2636812397819107,-0.0645945643108432,,0.023417901947218822,https://x.com/TradexWhisperer/status/2060403373686608168
rolling_at_post,2026-04-01,gsmferrari,PLTR,2026-05-30T17:04:26+00:00,,outside_confirmed_field,,,-0.2767845978362812,0.07969746431119074,,0.16770993056925276,https://x.com/gsmferrari/status/2060769314945343539
rolling_at_post,2026-04-01,gsmferrari,ENVX,2026-06-01T08:49:02+00:00,,outside_confirmed_field,,,-0.22784812265893328,-0.5721518894128934,,-0.4841394231548314,https://x.com/gsmferrari/status/2061369417527644385
rolling_at_post,2026-04-01,gsmferrari,SES,2026-06-01T12:08:56+00:00,,outside_confirmed_field,,,-0.25312500640284286,-0.574218727444531,,-0.4862062611864689,https://x.com/gsmferrari/status/2061419726258020778
rolling_at_post,2026-04-01,gsmferrari,NVAX,2026-06-01T13:14:55+00:00,,outside_confirmed_field,,,-0.1357340976347644,-0.12834721635409685,,-0.04033475009603482,https://x.com/gsmferrari/status/2061436331465564253
rolling_at_post,2026-04-01,gsmferrari,RR,2026-06-01T21:23:00+00:00,,outside_confirmed_field,,,-0.3193548516105791,-0.4032257804017153,,-0.28399553870490934,https://x.com/gsmferrari/status/2061559159342944709
rolling_at_post,2026-04-01,Feroce,MRVL,2026-06-02T00:23:16+00:00,,outside_confirmed_field,,,0.17529395864305997,-0.03294407749677841,,0.08628616420002755,https://x.com/FeroceResearch/status/2061604527606759702
rolling_at_post,2026-04-01,DGretta,ASPI,2026-06-02T08:01:59+00:00,,outside_confirmed_field,,,-0.2225000262260437,-0.5068750083446503,,-0.3876447666478443,https://x.com/DGretta_Author/status/2061719964952711368
rolling_at_post,2026-04-01,Tradex,HPE,2026-06-02T18:12:05+00:00,,outside_confirmed_field,,,-0.18881505139561738,0.004245100423418746,,0.1515650498884784,https://x.com/TradexWhisperer/status/2061873501729161282
rolling_at_post,2026-04-01,DGretta,CSIQ,2026-06-02T23:54:26+00:00,,outside_confirmed_field,,,-0.2290640292262196,-0.31133004592858093,,-0.16401009646352127,https://x.com/DGretta_Author/status/2061959659456524610
rolling_at_post,2026-04-01,gsmferrari,NU,2026-06-03T07:42:10+00:00,,outside_confirmed_field,,,0.14935629028046216,0.27725327052998927,,0.42457321999504893,https://x.com/gsmferrari/status/2062077366017417591
rolling_at_post,2026-04-01,gsmferrari,ASTS,2026-06-10T16:42:21+00:00,,outside_confirmed_field,,,-0.16176976481543437,-0.28764147131916395,,-0.22361785198110018,https://x.com/gsmferrari/status/2064750022307045666
rolling_at_post,2026-04-01,Tradex,ORCL,2026-06-10T22:43:23+00:00,,outside_confirmed_field,,,-0.21723158667033893,-0.11626871265399241,,-0.05224509331592864,https://x.com/TradexWhisperer/status/2064840879723143526
rolling_at_post,2026-04-01,Tradex,ARM,2026-06-15T02:48:29+00:00,,outside_confirmed_field,,,-0.27997435741937415,-0.3233546453615157,,-0.17782214912247973,https://x.com/TradexWhisperer/status/2066352114021155290
rolling_at_post,2026-04-01,Serenity,SPCX,2026-06-15T03:21:12+00:00,,outside_confirmed_field,,,-0.207639469672247,-0.140852461090489,,0.004680035148546979,https://x.com/aleabitoreddit/status/2066360345774764496
rolling_at_post,2026-04-01,Tradex,MRVL,2026-06-18T18:56:45+00:00,,outside_confirmed_field,,,-0.37796358106657957,,,,https://x.com/TradexWhisperer/status/2067682947852021863
rolling_at_post,2026-04-01,Serenity,AOSL,2026-06-26T00:34:45+00:00,optics,positive,9,9,-0.27853130045764773,,,,https://x.com/aleabitoreddit/status/2070304723262210194
rolling_at_post,2026-04-01,Serenity,POWI,2026-06-26T00:34:45+00:00,optics,positive,9,9,-0.22144525308182694,,,,https://x.com/aleabitoreddit/status/2070304723262210194
rolling_at_post,2026-04-01,gsmferrari,CELH,2026-06-29T09:58:37+00:00,,outside_confirmed_field,,,-0.03647919263232313,,,,https://x.com/gsmferrari/status/2071533789025542249
rolling_at_post,2026-07-01,DGretta,MU,2026-07-01T02:08:31+00:00,memory,outside_confirmed_field,,,-0.31701186372566426,,,,https://x.com/DGretta_Author/status/2072140260192977371
rolling_at_post,2026-07-01,Feroce,PANW,2026-07-01T16:38:00+00:00,,outside_confirmed_field,,,-0.07343024915555496,,,,https://x.com/FeroceResearch/status/2072359072280494485
rolling_at_post,2026-07-01,Serenity,CCXI,2026-07-02T10:34:42+00:00,,outside_confirmed_field,,,-0.19308359122848306,,,,https://x.com/aleabitoreddit/status/2072630036600103340
rolling_at_post,2026-07-01,DGretta,AMZN,2026-07-03T01:32:41+00:00,,outside_confirmed_field,,,0.11394578823942925,,,,https://x.com/DGretta_Author/status/2072856018560684096
rolling_at_post,2026-07-01,Serenity,AEVA,2026-07-07T19:49:55+00:00,optics,outside_confirmed_field,,,-0.027605898019398722,,,,https://x.com/aleabitoreddit/status/2074581698604593367
rolling_at_post,2026-07-01,Serenity,OUST,2026-07-07T19:49:55+00:00,,outside_confirmed_field,,,0.11932611777810398,,,,https://x.com/aleabitoreddit/status/2074581698604593367
rolling_at_post,2026-07-01,Feroce,PENG,2026-07-09T15:35:31+00:00,,outside_confirmed_field,,,-0.28676470232641404,,,,https://x.com/FeroceResearch/status/2075242452055703623
rolling_at_post,2026-07-01,Feroce,DELL,2026-07-09T16:18:44+00:00,,outside_confirmed_field,,,-0.025517115692957226,,,,https://x.com/FeroceResearch/status/2075253328158523490
rolling_at_post,2026-07-01,gsmferrari,SPCX,2026-07-10T08:28:35+00:00,,outside_confirmed_field,,,-0.23453011102844623,,,,https://x.com/gsmferrari/status/2075497399414296780
rolling_at_post,2026-07-01,gsmferrari,NFLX,2026-07-13T07:31:12+00:00,,outside_confirmed_field,,,0.0032476029609482815,,,,https://x.com/gsmferrari/status/2076570120994922625
rolling_at_post,2026-07-01,gsmferrari,GLXY,2026-07-14T11:11:17+00:00,,outside_confirmed_field,,,-0.1825795165925359,,,,https://x.com/gsmferrari/status/2076987893667520874
rolling_at_post,2026-07-01,gsmferrari,MARA,2026-07-14T12:45:18+00:00,,outside_confirmed_field,,,-0.2460567673871069,,,,https://x.com/gsmferrari/status/2077011553547682105
rolling_at_post,2026-07-01,gsmferrari,MRVL,2026-07-21T16:15:00+00:00,,outside_confirmed_field,,,0.07382553593890595,,,,https://x.com/gsmferrari/status/2079601041876648411
rolling_at_post,2026-07-01,gsmferrari,SNDK,2026-07-21T16:15:00+00:00,,outside_confirmed_field,,,0.06538665091538332,,,,https://x.com/gsmferrari/status/2079601041876648411
rolling_at_post,2026-07-01,gsmferrari,TSLA,2026-07-24T07:31:03+00:00,,outside_confirmed_field,,,0.07611001362310321,,,,https://x.com/gsmferrari/status/2080556351726526593
rolling_at_post,2026-07-01,gsmferrari,RKLB,2026-07-24T12:49:23+00:00,,outside_confirmed_field,,,0.052669462276333734,,,,https://x.com/gsmferrari/status/2080636459686490520
rolling_at_post,2026-07-01,gsmferrari,INTU,2026-07-24T21:17:34+00:00,,outside_confirmed_field,,,0.20343654998449412,,,,https://x.com/gsmferrari/status/2080764350021669094
rolling_at_post,2026-07-01,gsmferrari,NOC,2026-07-25T23:16:24+00:00,,outside_confirmed_field,,,0.015835902250584066,,,,https://x.com/gsmferrari/status/2081156644755402981
rolling_at_post,2026-07-01,gsmferrari,GILT,2026-07-26T11:57:34+00:00,,outside_confirmed_field,,,-0.04458596736333775,,,,https://x.com/gsmferrari/status/2081348197549576556
rolling_at_post,2026-07-01,gsmferrari,UI,2026-07-26T12:13:57+00:00,,outside_confirmed_field,,,0.04312449330992574,,,,https://x.com/gsmferrari/status/2081352322035179650
rolling_at_post,2026-07-01,gsmferrari,FISV,2026-07-27T13:58:31+00:00,,outside_confirmed_field,,,0.0076103063304884255,,,,https://x.com/gsmferrari/status/2081741023080792368
rolling_at_post,2026-07-01,gsmferrari,HUBS,2026-07-28T09:14:48+00:00,,outside_confirmed_field,,,0.07507046239130322,,,,https://x.com/gsmferrari/status/2082032013620498829
rolling_at_post,2026-07-01,gsmferrari,DUOL,2026-07-29T12:28:34+00:00,,outside_confirmed_field,,,0.04853528551179709,,,,https://x.com/gsmferrari/status/2082443162937589908
rolling_at_post,2026-07-01,DGretta,BRKB,2026-07-29T16:56:30+00:00,,outside_confirmed_field,,,-0.0021147225206247233,,,,https://x.com/DGretta_Author/status/2082510588425425157
rolling_at_post,2026-07-01,Tradex,KXIAY,2026-08-03T18:09:37+00:00,,outside_confirmed_field,,,-0.08685518304597839,,,,https://x.com/TradexWhisperer/status/2084340927737504218
rolling_at_post,2026-07-01,Zephyr,BABA,2026-08-04T15:20:40+00:00,,outside_confirmed_field,,,-0.13624183891249497,,,,https://x.com/zephyr_z9/status/2084660800787214601
rolling_at_post,2026-07-01,gsmferrari,OWL,2026-08-07T12:13:43+00:00,,outside_confirmed_field,,,0.029565230659816644,,,,https://x.com/gsmferrari/status/2085700914770231662
rolling_at_post,2026-07-01,gsmferrari,TEM,2026-08-07T13:10:40+00:00,,outside_confirmed_field,,,0.35968884969330817,,,,https://x.com/gsmferrari/status/2085715246337995020
rolling_at_post,2026-07-01,gsmferrari,GRRR,2026-08-07T13:51:30+00:00,,outside_confirmed_field,,,0.05267172215959026,,,,https://x.com/gsmferrari/status/2085725522089156764
rolling_at_post,2026-07-01,gsmferrari,CLSK,2026-08-07T15:46:47+00:00,,outside_confirmed_field,,,0.0325467550668701,,,,https://x.com/gsmferrari/status/2085754537801920812
rolling_at_post,2026-07-01,gsmferrari,CBRS,2026-08-07T16:00:36+00:00,,outside_confirmed_field,,,-0.0769061734357327,,,,https://x.com/gsmferrari/status/2085758015081234719
rolling_at_post,2026-07-01,gsmferrari,CRDO,2026-08-07T16:11:44+00:00,,outside_confirmed_field,,,-0.33054667836712803,,,,https://x.com/gsmferrari/status/2085760814498095211
rolling_at_post,2026-07-01,gsmferrari,HIVE,2026-08-10T14:07:51+00:00,,outside_confirmed_field,,,0.16666668138386265,,,,https://x.com/gsmferrari/status/2086816803045396566
rolling_at_post,2026-07-01,gsmferrari,BTDR,2026-08-10T21:44:22+00:00,,outside_confirmed_field,,,0.37717394988793806,,,,https://x.com/gsmferrari/status/2086931688098005185
rolling_at_post,2026-07-01,gsmferrari,HL,2026-08-11T13:34:45+00:00,,outside_confirmed_field,,,0.1430921405209844,,,,https://x.com/gsmferrari/status/2087170858536022115
rolling_at_post,2026-07-01,gsmferrari,ACHR,2026-08-11T14:49:31+00:00,,outside_confirmed_field,,,-0.1974318009115501,,,,https://x.com/gsmferrari/status/2087189675966431660
rolling_at_post,2026-07-01,gsmferrari,DGXX,2026-08-12T13:43:39+00:00,,outside_confirmed_field,,,,,,,https://x.com/gsmferrari/status/2087535487649026344
rolling_at_post,2026-07-01,gsmferrari,EOSE,2026-08-13T01:55:01+00:00,,outside_confirmed_field,,,,,,,https://x.com/gsmferrari/status/2087719543011508392
rolling_at_post,2026-07-01,gsmferrari,WING,2026-08-15T11:10:05+00:00,,outside_confirmed_field,,,,,,,https://x.com/gsmferrari/status/2088584006023406025
rolling_at_post,2026-07-01,gsmferrari,NIO,2026-08-19T21:17:49+00:00,,outside_confirmed_field,,,,,,,https://x.com/gsmferrari/status/2090186497639043538
rolling_at_post,2026-07-01,gsmferrari,EOS,2026-08-20T07:49:45+00:00,,outside_confirmed_field,,,,,,,https://x.com/gsmferrari/status/2090345528244511162
rolling_at_post,2026-07-01,DGretta,AEHR,2026-08-22T10:45:08+00:00,,outside_confirmed_field,,,,,,,https://x.com/DGretta_Author/status/2091114441559408726
rolling_at_post,2026-07-01,Tradex,NFLX,2026-08-25T17:28:09+00:00,,outside_confirmed_field,,,,,,,https://x.com/TradexWhisperer/status/2092303026937811003
rolling_at_post,2026-07-01,gsmferrari,WMT,2026-08-28T16:47:24+00:00,,outside_confirmed_field,,,,,,,https://x.com/gsmferrari/status/2093379934186090644
rolling_at_post,2026-07-01,gsmferrari,YSS,2026-08-30T23:03:56+00:00,,outside_confirmed_field,,,,,,,https://x.com/gsmferrari/status/2094199469512229153
rolling_at_post,2026-07-01,gsmferrari,APP,2026-08-31T20:58:34+00:00,,outside_confirmed_field,,,,,,,https://x.com/gsmferrari/status/2094530307865055722
rolling_at_post,2026-07-01,gsmferrari,WULF,2026-09-01T15:51:45+00:00,,outside_confirmed_field,,,,,,,https://x.com/gsmferrari/status/2094815483794985261
rolling_at_post,2026-07-01,Tradex,ZETA,2026-09-02T05:47:24+00:00,,outside_confirmed_field,,,,,,,https://x.com/TradexWhisperer/status/2095025781206622616
rolling_at_post,2026-07-01,gsmferrari,WYFI,2026-09-02T15:15:26+00:00,,outside_confirmed_field,,,,,,,https://x.com/gsmferrari/status/2095168730368016462
rolling_at_post,2026-07-01,Feroce,SOFI,2026-09-02T18:03:14+00:00,,outside_confirmed_field,,,,,,,https://x.com/FeroceResearch/status/2095210958922604919
rolling_at_post,2026-07-01,Tradex,MRNA,2026-09-02T18:35:04+00:00,,outside_confirmed_field,,,,,,,https://x.com/TradexWhisperer/status/2095218972476272867
rolling_at_post,2026-07-01,Tradex,SPCX,2026-09-02T18:59:08+00:00,,outside_confirmed_field,,,,,,,https://x.com/TradexWhisperer/status/2095225028614983795
rolling_at_post,2026-07-01,gsmferrari,CRCL,2026-09-02T20:12:08+00:00,,outside_confirmed_field,,,,,,,https://x.com/gsmferrari/status/2095243398097596663
rolling_at_post,2026-07-01,gsmferrari,FLNC,2026-09-02T20:58:16+00:00,,outside_confirmed_field,,,,,,,https://x.com/gsmferrari/status/2095255005867479330
rolling_at_post,2026-07-01,Tradex,DELL,2026-09-04T19:56:54+00:00,,outside_confirmed_field,,,,,,,https://x.com/TradexWhisperer/status/2095964342147842524
rolling_at_post,2026-07-01,gsmferrari,ZTS,2026-09-07T10:06:54+00:00,,outside_confirmed_field,,,,,,,https://x.com/gsmferrari/status/2096903027181469709
rolling_at_post,2026-07-01,gsmferrari,LULU,2026-09-07T12:13:28+00:00,,outside_confirmed_field,,,,,,,https://x.com/gsmferrari/status/2096934878918881452
rolling_at_post,2026-07-01,gsmferrari,NNE,2026-09-08T14:01:07+00:00,,outside_confirmed_field,,,,,,,https://x.com/gsmferrari/status/2097324356690981197
rolling_at_post,2026-07-01,gsmferrari,TE,2026-09-08T14:11:29+00:00,,outside_confirmed_field,,,,,,,https://x.com/gsmferrari/status/2097326964562428228
rolling_at_post,2026-07-01,gsmferrari,SEDG,2026-09-08T16:39:48+00:00,,outside_confirmed_field,,,,,,,https://x.com/gsmferrari/status/2097364290722214386
